Workbook

Sheet Январь
A1: ФИО | B1: Должность | C1: Оклад | D1: Премия | E1: Итого | G1: Должность | H1: Оклад
A2: Иванов Алексей Петрович | B2: =INDEX($G$2:$G$6,RANDBETWEEN(1,5)) -> Бариста | C2: =SUMIF($G$2:$G$6,B2,$H$2:$H$6) -> 35000 | D2: =RANDBETWEEN(1000,10000) -> 2146 | E2: =C2+D2 -> 37146 | G2: Управляющий | H2: 55000
A3: Смирнова Елена Викторовна | B3: =INDEX($G$2:$G$6,RANDBETWEEN(1,5)) -> Уборщик | C3: =SUMIF($G$2:$G$6,B3,$H$2:$H$6) -> 25000 | D3: =RANDBETWEEN(1000,10000) -> 9966 | E3: =C3+D3 -> 34966 | G3: Бариста | H3: 35000
A4: Кузнецов Дмитрий Сергеевич | B4: =INDEX($G$2:$G$6,RANDBETWEEN(1,5)) -> Управляющий | C4: =SUMIF($G$2:$G$6,B4,$H$2:$H$6) -> 55000 | D4: =RANDBETWEEN(1000,10000) -> 1486 | E4: =C4+D4 -> 56486 | G4: Кассир | H4: 30000
A5: Попова Анна Игоревна | B5: =INDEX($G$2:$G$6,RANDBETWEEN(1,5)) -> Бариста | C5: =SUMIF($G$2:$G$6,B5,$H$2:$H$6) -> 35000 | D5: =RANDBETWEEN(1000,10000) -> 9501 | E5: =C5+D5 -> 44501 | G5: Кондитер | H5: 38000
A6: Соколов Максим Андреевич | B6: =INDEX($G$2:$G$6,RANDBETWEEN(1,5)) -> Кондитер | C6: =SUMIF($G$2:$G$6,B6,$H$2:$H$6) -> 38000 | D6: =RANDBETWEEN(1000,10000) -> 2375 | E6: =C6+D6 -> 40375 | G6: Уборщик | H6: 25000
A7: Лебедева Ольга Николаевна | B7: =INDEX($G$2:$G$6,RANDBETWEEN(1,5)) -> Управляющий | C7: =SUMIF($G$2:$G$6,B7,$H$2:$H$6) -> 55000 | D7: =RANDBETWEEN(1000,10000) -> 7154 | E7: =C7+D7 -> 62154
A8: Козлов Артём Романович | B8: =INDEX($G$2:$G$6,RANDBETWEEN(1,5)) -> Кондитер | C8: =SUMIF($G$2:$G$6,B8,$H$2:$H$6) -> 38000 | D8: =RANDBETWEEN(1000,10000) -> 9969 | E8: =C8+D8 -> 47969
A9: Новикова Мария Олеговна | B9: =INDEX($G$2:$G$6,RANDBETWEEN(1,5)) -> Управляющий | C9: =SUMIF($G$2:$G$6,B9,$H$2:$H$6) -> 55000 | D9: =RANDBETWEEN(1000,10000) -> 4026 | E9: =C9+D9 -> 59026
A10: Морозов Илья Денисович | B10: =INDEX($G$2:$G$6,RANDBETWEEN(1,5)) -> Кондитер | C10: =SUMIF($G$2:$G$6,B10,$H$2:$H$6) -> 38000 | D10: =RANDBETWEEN(1000,10000) -> 6527 | E10: =C10+D10 -> 44527
A11: Петрова Татьяна Юрьевна | B11: =INDEX($G$2:$G$6,RANDBETWEEN(1,5)) -> Кассир | C11: =SUMIF($G$2:$G$6,B11,$H$2:$H$6) -> 30000 | D11: =RANDBETWEEN(1000,10000) -> 8733 | E11: =C11+D11 -> 38733
A12: Волков Никита Александрович | B12: =INDEX($G$2:$G$6,RANDBETWEEN(1,5)) -> Управляющий | C12: =SUMIF($G$2:$G$6,B12,$H$2:$H$6) -> 55000 | D12: =RANDBETWEEN(1000,10000) -> 5361 | E12: =C12+D12 -> 60361
A13: Соловьёва Дарья Павловна | B13: =INDEX($G$2:$G$6,RANDBETWEEN(1,5)) -> Бариста | C13: =SUMIF($G$2:$G$6,B13,$H$2:$H$6) -> 35000 | D13: =RANDBETWEEN(1000,10000) -> 8787 | E13: =C13+D13 -> 43787
A14: Васильев Кирилл Евгеньевич | B14: =INDEX($G$2:$G$6,RANDBETWEEN(1,5)) -> Управляющий | C14: =SUMIF($G$2:$G$6,B14,$H$2:$H$6) -> 55000 | D14: =RANDBETWEEN(1000,10000) -> 4733 | E14: =C14+D14 -> 59733
A15: Зайцева Ирина Михайловна | B15: =INDEX($G$2:$G$6,RANDBETWEEN(1,5)) -> Кассир | C15: =SUMIF($G$2:$G$6,B15,$H$2:$H$6) -> 30000 | D15: =RANDBETWEEN(1000,10000) -> 5094 | E15: =C15+D15 -> 35094
A16: Павлов Егор Владимирович | B16: =INDEX($G$2:$G$6,RANDBETWEEN(1,5)) -> Уборщик | C16: =SUMIF($G$2:$G$6,B16,$H$2:$H$6) -> 25000 | D16: =RANDBETWEEN(1000,10000) -> 4016 | E16: =C16+D16 -> 29016
A17: Семёнова Алина Артёмовна | B17: =INDEX($G$2:$G$6,RANDBETWEEN(1,5)) -> Кассир | C17: =SUMIF($G$2:$G$6,B17,$H$2:$H$6) -> 30000 | D17: =RANDBETWEEN(1000,10000) -> 2437 | E17: =C17+D17 -> 32437
A18: Голубев Роман Игоревич | B18: =INDEX($G$2:$G$6,RANDBETWEEN(1,5)) -> Бариста | C18: =SUMIF($G$2:$G$6,B18,$H$2:$H$6) -> 35000 | D18: =RANDBETWEEN(1000,10000) -> 5973 | E18: =C18+D18 -> 40973
... A31: Андреева Вероника Дмитриевна | B31: =INDEX($G$2:$G$6,RANDBETWEEN(1,5)) -> Управляющий | C31: =SUMIF($G$2:$G$6,B31,$H$2:$H$6) -> 55000 | D31: =RANDBETWEEN(1000,10000) -> 8969 | E31: =C31+D31 -> 63969

Sheet Февраль
A1: ФИО | B1: Должность | C1: Оклад | D1: Премия | E1: Итого
A2: =Январь!$A$2 -> Иванов Алексей Петрович | B2: =Январь!$B$2 -> Бариста | C2: =Январь!$C$2+RANDBETWEEN(-5000,5000) -> 35967 | D2: =RANDBETWEEN(1000,10000) -> 1170 | E2: =C2+D2 -> 37137
A3: =Январь!$A$3 -> Смирнова Елена Викторовна | B3: =Январь!$B$3 -> Уборщик | C3: =Январь!$C$3+RANDBETWEEN(-5000,5000) -> 21807 | D3: =RANDBETWEEN(1000,10000) -> 9220 | E3: =C3+D3 -> 31027
A4: =Январь!$A$4 -> Кузнецов Дмитрий Сергеевич | B4: =Январь!$B$4 -> Управляющий | C4: =Январь!$C$4+RANDBETWEEN(-5000,5000) -> 56364 | D4: =RANDBETWEEN(1000,10000) -> 4173 | E4: =C4+D4 -> 60537
A5: =Январь!$A$5 -> Попова Анна Игоревна | B5: =Январь!$B$5 -> Бариста | C5: =Январь!$C$5+RANDBETWEEN(-5000,5000) -> 36553 | D5: =RANDBETWEEN(1000,10000) -> 4475 | E5: =C5+D5 -> 41028
A6: =Январь!$A$6 -> Соколов Максим Андреевич | B6: =Январь!$B$6 -> Кондитер | C6: =Январь!$C$6+RANDBETWEEN(-5000,5000) -> 33834 | D6: =RANDBETWEEN(1000,10000) -> 2440 | E6: =C6+D6 -> 36274
A7: =Январь!$A$7 -> Лебедева Ольга Николаевна | B7: =Январь!$B$7 -> Управляющий | C7: =Январь!$C$7+RANDBETWEEN(-5000,5000) -> 58936 | D7: =RANDBETWEEN(1000,10000) -> 8773 | E7: =C7+D7 -> 67709
A8: =Январь!$A$8 -> Козлов Артём Романович | B8: =Январь!$B$8 -> Кондитер | C8: =Январь!$C$8+RANDBETWEEN(-5000,5000) -> 39941 | D8: =RANDBETWEEN(1000,10000) -> 5814 | E8: =C8+D8 -> 45755
A9: =Январь!$A$9 -> Новикова Мария Олеговна | B9: =Январь!$B$9 -> Управляющий | C9: =Январь!$C$9+RANDBETWEEN(-5000,5000) -> 58007 | D9: =RANDBETWEEN(1000,10000) -> 1644 | E9: =C9+D9 -> 59651
A10: =Январь!$A$10 -> Морозов Илья Денисович | B10: =Январь!$B$10 -> Кондитер | C10: =Январь!$C$10+RANDBETWEEN(-5000,5000) -> 33822 | D10: =RANDBETWEEN(1000,10000) -> 4469 | E10: =C10+D10 -> 38291
A11: =Январь!$A$11 -> Петрова Татьяна Юрьевна | B11: =Январь!$B$11 -> Кассир | C11: =Январь!$C$11+RANDBETWEEN(-5000,5000) -> 27531 | D11: =RANDBETWEEN(1000,10000) -> 6030 | E11: =C11+D11 -> 33561
A12: =Январь!$A$12 -> Волков Никита Александрович | B12: =Январь!$B$12 -> Управляющий | C12: =Январь!$C$12+RANDBETWEEN(-5000,5000) -> 57130 | D12: =RANDBETWEEN(1000,10000) -> 4635 | E12: =C12+D12 -> 61765
A13: =Январь!$A$13 -> Соловьёва Дарья Павловна | B13: =Январь!$B$13 -> Бариста | C13: =Январь!$C$13+RANDBETWEEN(-5000,5000) -> 35520 | D13: =RANDBETWEEN(1000,10000) -> 7162 | E13: =C13+D13 -> 42682
A14: =Январь!$A$14 -> Васильев Кирилл Евгеньевич | B14: =Январь!$B$14 -> Управляющий | C14: =Январь!$C$14+RANDBETWEEN(-5000,5000) -> 57955 | D14: =RANDBETWEEN(1000,10000) -> 7082 | E14: =C14+D14 -> 65037
A15: =Январь!$A$15 -> Зайцева Ирина Михайловна | B15: =Январь!$B$15 -> Кассир | C15: =Январь!$C$15+RANDBETWEEN(-5000,5000) -> 31210 | D15: =RANDBETWEEN(1000,10000) -> 1123 | E15: =C15+D15 -> 32333
A16: =Январь!$A$16 -> Павлов Егор Владимирович | B16: =Январь!$B$16 -> Уборщик | C16: =Январь!$C$16+RANDBETWEEN(-5000,5000) -> 22058 | D16: =RANDBETWEEN(1000,10000) -> 8067 | E16: =C16+D16 -> 30125
A17: =Январь!$A$17 -> Семёнова Алина Артёмовна | B17: =Январь!$B$17 -> Кассир | C17: =Январь!$C$17+RANDBETWEEN(-5000,5000) -> 31557 | D17: =RANDBETWEEN(1000,10000) -> 5813 | E17: =C17+D17 -> 37370
A18: =Январь!$A$18 -> Голубев Роман Игоревич | B18: =Январь!$B$18 -> Бариста | C18: =Январь!$C$18+RANDBETWEEN(-5000,5000) -> 39629 | D18: =RANDBETWEEN(1000,10000) -> 1851 | E18: =C18+D18 -> 41480
A19: =Январь!$A$19 -> Виноградова Юлия Сергеевна | B19: =Январь!$B$19 -> Управляющий | C19: =Январь!$C$19+RANDBETWEEN(-5000,5000) -> 52949 | D19: =RANDBETWEEN(1000,10000) -> 6282 | E19: =C19+D19 -> 59231
A20: =Январь!$A$20 -> Богданов Станислав Олегович | B20: =Январь!$B$20 -> Бариста | C20: =Январь!$C$20+RANDBETWEEN(-5000,5000) -> 36043 | D20: =RANDBETWEEN(1000,10000) -> 6348 | E20: =C20+D20 -> 42391
A21: =Январь!$A$21 -> Воробьёва Екатерина Андреевна | B21: =Январь!$B$21 -> Кондитер | C21: =Январь!$C$21+RANDBETWEEN(-5000,5000) -> 35903 | D21: =RANDBETWEEN(1000,10000) -> 3197 | E21: =C21+D21 -> 39100
A22: =Январь!$A$22 -> Фёдоров Павел Дмитриевич | B22: =Январь!$B$22 -> Кондитер | C22: =Январь!$C$22+RANDBETWEEN(-5000,5000) -> 42912 | D22: =RANDBETWEEN(1000,10000) -> 2820 | E22: =C22+D22 -> 45732
A23: =Январь!$A$23 -> Михайлова Светлана Ивановна | B23: =Январь!$B$23 -> Кассир | C23: =Январь!$C$23+RANDBETWEEN(-5000,5000) -> 32220 | D23: =RANDBETWEEN(1000,10000) -> 4083 | E23: =C23+D23 -> 36303
A24: =Январь!$A$24 -> Беляев Антон Николаевич | B24: =Январь!$B$24 -> Управляющий | C24: =Январь!$C$24+RANDBETWEEN(-5000,5000) -> 59175 | D24: =RANDBETWEEN(1000,10000) -> 5599 | E24: =C24+D24 -> 64774
A25: =Январь!$A$25 -> Тарасова Валерия Романовна | B25: =Январь!$B$25 -> Кондитер | C25: =Январь!$C$25+RANDBETWEEN(-5000,5000) -> 35259 | D25: =RANDBETWEEN(1000,10000) -> 8029 | E25: =C25+D25 -> 43288
A26: =Январь!$A$26 -> Белов Глеб Максимович | B26: =Январь!$B$26 -> Бариста | C26: =Январь!$C$26+RANDBETWEEN(-5000,5000) -> 32989 | D26: =RANDBETWEEN(1000,10000) -> 5196 | E26: =C26+D26 -> 38185
A27: =Январь!$A$27 -> Комарова Полина Алексеевна | B27: =Январь!$B$27 -> Кассир | C27: =Январь!$C$27+RANDBETWEEN(-5000,5000) -> 31509 | D27: =RANDBETWEEN(1000,10000) -> 9775 | E27: =C27+D27 -> 41284
A28: =Январь!$A$28 -> Орлов Владислав Станиславович | B28: =Январь!$B$28 -> Управляющий | C28: =Январь!$C$28+RANDBETWEEN(-5000,5000) -> 56311 | D28: =RANDBETWEEN(1000,10000) -> 3146 | E28: =C28+D28 -> 59457
A29: =Январь!$A$29 -> Киселёва Надежда Петровна | B29: =Январь!$B$29 -> Уборщик | C29: =Январь!$C$29+RANDBETWEEN(-5000,5000) -> 28670 | D29: =RANDBETWEEN(1000,10000) -> 5767 | E29: =C29+D29 -> 34437
A30: =Январь!$A$30 -> Макаров Тимур Русланович | B30: =Январь!$B$30 -> Кассир | C30: =Январь!$C$30+RANDBETWEEN(-5000,5000) -> 34061 | D30: =RANDBETWEEN(1000,10000) -> 6272 | E30: =C30+D30 -> 40333
A31: =Январь!$A$31 -> Андреева Вероника Дмитриевна | B31: =Январь!$B$31 -> Управляющий | C31: =Январь!$C$31+RANDBETWEEN(-5000,5000) -> 52993 | D31: =RANDBETWEEN(1000,10000) -> 2384 | E31: =C31+D31 -> 55377

Sheet Март
A1: ФИО | B1: Должность | C1: Оклад | D1: Премия | E1: Итого
A2: =Январь!$A$2 -> Иванов Алексей Петрович | B2: =Январь!$B$2 -> Бариста | C2: =Январь!$C$2+RANDBETWEEN(-5000,5000) -> 33234 | D2: =RANDBETWEEN(1000,10000) -> 5121 | E2: =C2+D2 -> 38355
A3: =Январь!$A$3 -> Смирнова Елена Викторовна | B3: =Январь!$B$3 -> Уборщик | C3: =Январь!$C$3+RANDBETWEEN(-5000,5000) -> 24729 | D3: =RANDBETWEEN(1000,10000) -> 6361 | E3: =C3+D3 -> 31090
A4: =Январь!$A$4 -> Кузнецов Дмитрий Сергеевич | B4: =Январь!$B$4 -> Управляющий | C4: =Январь!$C$4+RANDBETWEEN(-5000,5000) -> 58656 | D4: =RANDBETWEEN(1000,10000) -> 9333 | E4: =C4+D4 -> 67989
A5: =Январь!$A$5 -> Попова Анна Игоревна | B5: =Январь!$B$5 -> Бариста | C5: =Январь!$C$5+RANDBETWEEN(-5000,5000) -> 39867 | D5: =RANDBETWEEN(1000,10000) -> 6107 | E5: =C5+D5 -> 45974
A6: =Январь!$A$6 -> Соколов Максим Андреевич | B6: =Январь!$B$6 -> Кондитер | C6: =Январь!$C$6+RANDBETWEEN(-5000,5000) -> 34149 | D6: =RANDBETWEEN(1000,10000) -> 5641 | E6: =C6+D6 -> 39790
A7: =Январь!$A$7 -> Лебедева Ольга Николаевна | B7: =Январь!$B$7 -> Управляющий | C7: =Январь!$C$7+RANDBETWEEN(-5000,5000) -> 55940 | D7: =RANDBETWEEN(1000,10000) -> 8153 | E7: =C7+D7 -> 64093
A8: =Январь!$A$8 -> Козлов Артём Романович | B8: =Январь!$B$8 -> Кондитер | C8: =Январь!$C$8+RANDBETWEEN(-5000,5000) -> 42960 | D8: =RANDBETWEEN(1000,10000) -> 2262 | E8: =C8+D8 -> 45222
A9: =Январь!$A$9 -> Новикова Мария Олеговна | B9: =Январь!$B$9 -> Управляющий | C9: =Январь!$C$9+RANDBETWEEN(-5000,5000) -> 53658 | D9: =RANDBETWEEN(1000,10000) -> 1195 | E9: =C9+D9 -> 54853
A10: =Январь!$A$10 -> Морозов Илья Денисович | B10: =Январь!$B$10 -> Кондитер | C10: =Январь!$C$10+RANDBETWEEN(-5000,5000) -> 35950 | D10: =RANDBETWEEN(1000,10000) -> 9453 | E10: =C10+D10 -> 45403
A11: =Январь!$A$11 -> Петрова Татьяна Юрьевна | B11: =Январь!$B$11 -> Кассир | C11: =Январь!$C$11+RANDBETWEEN(-5000,5000) -> 25723 | D11: =RANDBETWEEN(1000,10000) -> 1736 | E11: =C11+D11 -> 27459
A12: =Январь!$A$12 -> Волков Никита Александрович | B12: =Январь!$B$12 -> Управляющий | C12: =Январь!$C$12+RANDBETWEEN(-5000,5000) -> 56395 | D12: =RANDBETWEEN(1000,10000) -> 5613 | E12: =C12+D12 -> 62008
A13: =Январь!$A$13 -> Соловьёва Дарья Павловна | B13: =Январь!$B$13 -> Бариста | C13: =Январь!$C$13+RANDBETWEEN(-5000,5000) -> 37562 | D13: =RANDBETWEEN(1000,10000) -> 7878 | E13: =C13+D13 -> 45440
A14: =Январь!$A$14 -> Васильев Кирилл Евгеньевич | B14: =Январь!$B$14 -> Управляющий | C14: =Январь!$C$14+RANDBETWEEN(-5000,5000) -> 50839 | D14: =RANDBETWEEN(1000,10000) -> 4894 | E14: =C14+D14 -> 55733
A15: =Январь!$A$15 -> Зайцева Ирина Михайловна | B15: =Январь!$B$15 -> Кассир | C15: =Январь!$C$15+RANDBETWEEN(-5000,5000) -> 29495 | D15: =RANDBETWEEN(1000,10000) -> 5185 | E15: =C15+D15 -> 34680
A16: =Январь!$A$16 -> Павлов Егор Владимирович | B16: =Январь!$B$16 -> Уборщик | C16: =Январь!$C$16+RANDBETWEEN(-5000,5000) -> 26016 | D16: =RANDBETWEEN(1000,10000) -> 2487 | E16: =C16+D16 -> 28503
A17: =Январь!$A$17 -> Семёнова Алина Артёмовна | B17: =Январь!$B$17 -> Кассир | C17: =Январь!$C$17+RANDBETWEEN(-5000,5000) -> 32631 | D17: =RANDBETWEEN(1000,10000) -> 1423 | E17: =C17+D17 -> 34054
A18: =Январь!$A$18 -> Голубев Роман Игоревич | B18: =Январь!$B$18 -> Бариста | C18: =Январь!$C$18+RANDBETWEEN(-5000,5000) -> 30627 | D18: =RANDBETWEEN(1000,10000) -> 3400 | E18: =C18+D18 -> 34027
A19: =Январь!$A$19 -> Виноградова Юлия Сергеевна | B19: =Январь!$B$19 -> Управляющий | C19: =Январь!$C$19+RANDBETWEEN(-5000,5000) -> 51896 | D19: =RANDBETWEEN(1000,10000) -> 2621 | E19: =C19+D19 -> 54517
A20: =Январь!$A$20 -> Богданов Станислав Олегович | B20: =Январь!$B$20 -> Бариста | C20: =Январь!$C$20+RANDBETWEEN(-5000,5000) -> 37935 | D20: =RANDBETWEEN(1000,10000) -> 9581 | E20: =C20+D20 -> 47516
A21: =Январь!$A$21 -> Воробьёва Екатерина Андреевна | B21: =Январь!$B$21 -> Кондитер | C21: =Январь!$C$21+RANDBETWEEN(-5000,5000) -> 40826 | D21: =RANDBETWEEN(1000,10000) -> 2095 | E21: =C21+D21 -> 42921
A22: =Январь!$A$22 -> Фёдоров Павел Дмитриевич | B22: =Январь!$B$22 -> Кондитер | C22: =Январь!$C$22+RANDBETWEEN(-5000,5000) -> 38557 | D22: =RANDBETWEEN(1000,10000) -> 3419 | E22: =C22+D22 -> 41976
A23: =Январь!$A$23 -> Михайлова Светлана Ивановна | B23: =Январь!$B$23 -> Кассир | C23: =Январь!$C$23+RANDBETWEEN(-5000,5000) -> 30943 | D23: =RANDBETWEEN(1000,10000) -> 8963 | E23: =C23+D23 -> 39906
A24: =Январь!$A$24 -> Беляев Антон Николаевич | B24: =Январь!$B$24 -> Управляющий | C24: =Январь!$C$24+RANDBETWEEN(-5000,5000) -> 51605 | D24: =RANDBETWEEN(1000,10000) -> 2162 | E24: =C24+D24 -> 53767
A25: =Январь!$A$25 -> Тарасова Валерия Романовна | B25: =Январь!$B$25 -> Кондитер | C25: =Январь!$C$25+RANDBETWEEN(-5000,5000) -> 35827 | D25: =RANDBETWEEN(1000,10000) -> 9125 | E25: =C25+D25 -> 44952
A26: =Январь!$A$26 -> Белов Глеб Максимович | B26: =Январь!$B$26 -> Бариста | C26: =Январь!$C$26+RANDBETWEEN(-5000,5000) -> 30190 | D26: =RANDBETWEEN(1000,10000) -> 1416 | E26: =C26+D26 -> 31606
A27: =Январь!$A$27 -> Комарова Полина Алексеевна | B27: =Январь!$B$27 -> Кассир | C27: =Январь!$C$27+RANDBETWEEN(-5000,5000) -> 29890 | D27: =RANDBETWEEN(1000,10000) -> 5211 | E27: =C27+D27 -> 35101
A28: =Январь!$A$28 -> Орлов Владислав Станиславович | B28: =Январь!$B$28 -> Управляющий | C28: =Январь!$C$28+RANDBETWEEN(-5000,5000) -> 56999 | D28: =RANDBETWEEN(1000,10000) -> 2658 | E28: =C28+D28 -> 59657
A29: =Январь!$A$29 -> Киселёва Надежда Петровна | B29: =Январь!$B$29 -> Уборщик | C29: =Январь!$C$29+RANDBETWEEN(-5000,5000) -> 23896 | D29: =RANDBETWEEN(1000,10000) -> 6267 | E29: =C29+D29 -> 30163
A30: =Январь!$A$30 -> Макаров Тимур Русланович | B30: =Январь!$B$30 -> Кассир | C30: =Январь!$C$30+RANDBETWEEN(-5000,5000) -> 34156 | D30: =RANDBETWEEN(1000,10000) -> 6794 | E30: =C30+D30 -> 40950
A31: =Январь!$A$31 -> Андреева Вероника Дмитриевна | B31: =Январь!$B$31 -> Управляющий | C31: =Январь!$C$31+RANDBETWEEN(-5000,5000) -> 51293 | D31: =RANDBETWEEN(1000,10000) -> 1374 | E31: =C31+D31 -> 52667

Sheet Апрель
A1: ФИО | B1: Должность | C1: Оклад | D1: Премия | E1: Итого
A2: =Январь!$A$2 -> Иванов Алексей Петрович | B2: =Январь!$B$2 -> Бариста | C2: =Январь!$C$2+RANDBETWEEN(-5000,5000) -> 35296 | D2: =RANDBETWEEN(1000,10000) -> 5831 | E2: =C2+D2 -> 41127
A3: =Январь!$A$3 -> Смирнова Елена Викторовна | B3: =Январь!$B$3 -> Уборщик | C3: =Январь!$C$3+RANDBETWEEN(-5000,5000) -> 20775 | D3: =RANDBETWEEN(1000,10000) -> 3122 | E3: =C3+D3 -> 23897
A4: =Январь!$A$4 -> Кузнецов Дмитрий Сергеевич | B4: =Январь!$B$4 -> Управляющий | C4: =Январь!$C$4+RANDBETWEEN(-5000,5000) -> 52638 | D4: =RANDBETWEEN(1000,10000) -> 2955 | E4: =C4+D4 -> 55593
A5: =Январь!$A$5 -> Попова Анна Игоревна | B5: =Январь!$B$5 -> Бариста | C5: =Январь!$C$5+RANDBETWEEN(-5000,5000) -> 33384 | D5: =RANDBETWEEN(1000,10000) -> 5697 | E5: =C5+D5 -> 39081
A6: =Январь!$A$6 -> Соколов Максим Андреевич | B6: =Январь!$B$6 -> Кондитер | C6: =Январь!$C$6+RANDBETWEEN(-5000,5000) -> 36582 | D6: =RANDBETWEEN(1000,10000) -> 4851 | E6: =C6+D6 -> 41433
A7: =Январь!$A$7 -> Лебедева Ольга Николаевна | B7: =Январь!$B$7 -> Управляющий | C7: =Январь!$C$7+RANDBETWEEN(-5000,5000) -> 59017 | D7: =RANDBETWEEN(1000,10000) -> 8411 | E7: =C7+D7 -> 67428
A8: =Январь!$A$8 -> Козлов Артём Романович | B8: =Январь!$B$8 -> Кондитер | C8: =Январь!$C$8+RANDBETWEEN(-5000,5000) -> 40081 | D8: =RANDBETWEEN(1000,10000) -> 4747 | E8: =C8+D8 -> 44828
A9: =Январь!$A$9 -> Новикова Мария Олеговна | B9: =Январь!$B$9 -> Управляющий | C9: =Январь!$C$9+RANDBETWEEN(-5000,5000) -> 59199 | D9: =RANDBETWEEN(1000,10000) -> 1908 | E9: =C9+D9 -> 61107
A10: =Январь!$A$10 -> Морозов Илья Денисович | B10: =Январь!$B$10 -> Кондитер | C10: =Январь!$C$10+RANDBETWEEN(-5000,5000) -> 35048 | D10: =RANDBETWEEN(1000,10000) -> 3734 | E10: =C10+D10 -> 38782
A11: =Январь!$A$11 -> Петрова Татьяна Юрьевна | B11: =Январь!$B$11 -> Кассир | C11: =Январь!$C$11+RANDBETWEEN(-5000,5000) -> 30478 | D11: =RANDBETWEEN(1000,10000) -> 2333 | E11: =C11+D11 -> 32811
A12: =Январь!$A$12 -> Волков Никита Александрович | B12: =Январь!$B$12 -> Управляющий | C12: =Январь!$C$12+RANDBETWEEN(-5000,5000) -> 58152 | D12: =RANDBETWEEN(1000,10000) -> 9836 | E12: =C12+D12 -> 67988
A13: =Январь!$A$13 -> Соловьёва Дарья Павловна | B13: =Январь!$B$13 -> Бариста | C13: =Январь!$C$13+RANDBETWEEN(-5000,5000) -> 32195 | D13: =RANDBETWEEN(1000,10000) -> 8691 | E13: =C13+D13 -> 40886
A14: =Январь!$A$14 -> Васильев Кирилл Евгеньевич | B14: =Январь!$B$14 -> Управляющий | C14: =Январь!$C$14+RANDBETWEEN(-5000,5000) -> 54186 | D14: =RANDBETWEEN(1000,10000) -> 9202 | E14: =C14+D14 -> 63388
A15: =Январь!$A$15 -> Зайцева Ирина Михайловна | B15: =Январь!$B$15 -> Кассир | C15: =Январь!$C$15+RANDBETWEEN(-5000,5000) -> 31985 | D15: =RANDBETWEEN(1000,10000) -> 9100 | E15: =C15+D15 -> 41085
A16: =Январь!$A$16 -> Павлов Егор Владимирович | B16: =Январь!$B$16 -> Уборщик | C16: =Январь!$C$16+RANDBETWEEN(-5000,5000) -> 20322 | D16: =RANDBETWEEN(1000,10000) -> 3531 | E16: =C16+D16 -> 23853
A17: =Январь!$A$17 -> Семёнова Алина Артёмовна | B17: =Январь!$B$17 -> Кассир | C17: =Январь!$C$17+RANDBETWEEN(-5000,5000) -> 33241 | D17: =RANDBETWEEN(1000,10000) -> 5406 | E17: =C17+D17 -> 38647
A18: =Январь!$A$18 -> Голубев Роман Игоревич | B18: =Январь!$B$18 -> Бариста | C18: =Январь!$C$18+RANDBETWEEN(-5000,5000) -> 31669 | D18: =RANDBETWEEN(1000,10000) -> 6764 | E18: =C18+D18 -> 38433
A19: =Январь!$A$19 -> Виноградова Юлия Сергеевна | B19: =Январь!$B$19 -> Управляющий | C19: =Январь!$C$19+RANDBETWEEN(-5000,5000) -> 59133 | D19: =RANDBETWEEN(1000,10000) -> 5075 | E19: =C19+D19 -> 64208
A20: =Январь!$A$20 -> Богданов Станислав Олегович | B20: =Январь!$B$20 -> Бариста | C20: =Январь!$C$20+RANDBETWEEN(-5000,5000) -> 39455 | D20: =RANDBETWEEN(1000,10000) -> 5764 | E20: =C20+D20 -> 45219
A21: =Январь!$A$21 -> Воробьёва Екатерина Андреевна | B21: =Январь!$B$21 -> Кондитер | C21: =Январь!$C$21+RANDBETWEEN(-5000,5000) -> 39084 | D21: =RANDBETWEEN(1000,10000) -> 3696 | E21: =C21+D21 -> 42780
A22: =Январь!$A$22 -> Фёдоров Павел Дмитриевич | B22: =Январь!$B$22 -> Кондитер | C22: =Январь!$C$22+RANDBETWEEN(-5000,5000) -> 33098 | D22: =RANDBETWEEN(1000,10000) -> 1981 | E22: =C22+D22 -> 35079
A23: =Январь!$A$23 -> Михайлова Светлана Ивановна | B23: =Январь!$B$23 -> Кассир | C23: =Январь!$C$23+RANDBETWEEN(-5000,5000) -> 25672 | D23: =RANDBETWEEN(1000,10000) -> 3096 | E23: =C23+D23 -> 28768
A24: =Январь!$A$24 -> Беляев Антон Николаевич | B24: =Январь!$B$24 -> Управляющий | C24: =Январь!$C$24+RANDBETWEEN(-5000,5000) -> 57906 | D24: =RANDBETWEEN(1000,10000) -> 9624 | E24: =C24+D24 -> 67530
A25: =Январь!$A$25 -> Тарасова Валерия Романовна | B25: =Январь!$B$25 -> Кондитер | C25: =Январь!$C$25+RANDBETWEEN(-5000,5000) -> 33032 | D25: =RANDBETWEEN(1000,10000) -> 1646 | E25: =C25+D25 -> 34678
A26: =Январь!$A$26 -> Белов Глеб Максимович | B26: =Январь!$B$26 -> Бариста | C26: =Январь!$C$26+RANDBETWEEN(-5000,5000) -> 30023 | D26: =RANDBETWEEN(1000,10000) -> 3475 | E26: =C26+D26 -> 33498
A27: =Январь!$A$27 -> Комарова Полина Алексеевна | B27: =Январь!$B$27 -> Кассир | C27: =Январь!$C$27+RANDBETWEEN(-5000,5000) -> 32176 | D27: =RANDBETWEEN(1000,10000) -> 2130 | E27: =C27+D27 -> 34306
A28: =Январь!$A$28 -> Орлов Владислав Станиславович | B28: =Январь!$B$28 -> Управляющий | C28: =Январь!$C$28+RANDBETWEEN(-5000,5000) -> 57790 | D28: =RANDBETWEEN(1000,10000) -> 4476 | E28: =C28+D28 -> 62266
A29: =Январь!$A$29 -> Киселёва Надежда Петровна | B29: =Январь!$B$29 -> Уборщик | C29: =Январь!$C$29+RANDBETWEEN(-5000,5000) -> 27624 | D29: =RANDBETWEEN(1000,10000) -> 5551 | E29: =C29+D29 -> 33175
A30: =Январь!$A$30 -> Макаров Тимур Русланович | B30: =Январь!$B$30 -> Кассир | C30: =Январь!$C$30+RANDBETWEEN(-5000,5000) -> 33072 | D30: =RANDBETWEEN(1000,10000) -> 4622 | E30: =C30+D30 -> 37694
A31: =Январь!$A$31 -> Андреева Вероника Дмитриевна | B31: =Январь!$B$31 -> Управляющий | C31: =Январь!$C$31+RANDBETWEEN(-5000,5000) -> 51528 | D31: =RANDBETWEEN(1000,10000) -> 8390 | E31: =C31+D31 -> 59918

Sheet Май
A1: ФИО | B1: Должность | C1: Оклад | D1: Премия | E1: Итого
A2: =Январь!$A$2 -> Иванов Алексей Петрович | B2: =Январь!$B$2 -> Бариста | C2: =Январь!$C$2+RANDBETWEEN(-5000,5000) -> 36405 | D2: =RANDBETWEEN(1000,10000) -> 7209 | E2: =C2+D2 -> 43614
A3: =Январь!$A$3 -> Смирнова Елена Викторовна | B3: =Январь!$B$3 -> Уборщик | C3: =Январь!$C$3+RANDBETWEEN(-5000,5000) -> 25528 | D3: =RANDBETWEEN(1000,10000) -> 4753 | E3: =C3+D3 -> 30281
A4: =Январь!$A$4 -> Кузнецов Дмитрий Сергеевич | B4: =Январь!$B$4 -> Управляющий | C4: =Январь!$C$4+RANDBETWEEN(-5000,5000) -> 54693 | D4: =RANDBETWEEN(1000,10000) -> 3272 | E4: =C4+D4 -> 57965
A5: =Январь!$A$5 -> Попова Анна Игоревна | B5: =Январь!$B$5 -> Бариста | C5: =Январь!$C$5+RANDBETWEEN(-5000,5000) -> 36627 | D5: =RANDBETWEEN(1000,10000) -> 8028 | E5: =C5+D5 -> 44655
A6: =Январь!$A$6 -> Соколов Максим Андреевич | B6: =Январь!$B$6 -> Кондитер | C6: =Январь!$C$6+RANDBETWEEN(-5000,5000) -> 33379 | D6: =RANDBETWEEN(1000,10000) -> 8488 | E6: =C6+D6 -> 41867
A7: =Январь!$A$7 -> Лебедева Ольга Николаевна | B7: =Январь!$B$7 -> Управляющий | C7: =Январь!$C$7+RANDBETWEEN(-5000,5000) -> 58621 | D7: =RANDBETWEEN(1000,10000) -> 5165 | E7: =C7+D7 -> 63786
A8: =Январь!$A$8 -> Козлов Артём Романович | B8: =Январь!$B$8 -> Кондитер | C8: =Январь!$C$8+RANDBETWEEN(-5000,5000) -> 37435 | D8: =RANDBETWEEN(1000,10000) -> 5919 | E8: =C8+D8 -> 43354
A9: =Январь!$A$9 -> Новикова Мария Олеговна | B9: =Январь!$B$9 -> Управляющий | C9: =Январь!$C$9+RANDBETWEEN(-5000,5000) -> 59429 | D9: =RANDBETWEEN(1000,10000) -> 1566 | E9: =C9+D9 -> 60995
A10: =Январь!$A$10 -> Морозов Илья Денисович | B10: =Январь!$B$10 -> Кондитер | C10: =Январь!$C$10+RANDBETWEEN(-5000,5000) -> 33207 | D10: =RANDBETWEEN(1000,10000) -> 5368 | E10: =C10+D10 -> 38575
A11: =Январь!$A$11 -> Петрова Татьяна Юрьевна | B11: =Январь!$B$11 -> Кассир | C11: =Январь!$C$11+RANDBETWEEN(-5000,5000) -> 27387 | D11: =RANDBETWEEN(1000,10000) -> 4329 | E11: =C11+D11 -> 31716
A12: =Январь!$A$12 -> Волков Никита Александрович | B12: =Январь!$B$12 -> Управляющий | C12: =Январь!$C$12+RANDBETWEEN(-5000,5000) -> 54027 | D12: =RANDBETWEEN(1000,10000) -> 4236 | E12: =C12+D12 -> 58263
A13: =Январь!$A$13 -> Соловьёва Дарья Павловна | B13: =Январь!$B$13 -> Бариста | C13: =Январь!$C$13+RANDBETWEEN(-5000,5000) -> 34908 | D13: =RANDBETWEEN(1000,10000) -> 2795 | E13: =C13+D13 -> 37703
A14: =Январь!$A$14 -> Васильев Кирилл Евгеньевич | B14: =Январь!$B$14 -> Управляющий | C14: =Январь!$C$14+RANDBETWEEN(-5000,5000) -> 52422 | D14: =RANDBETWEEN(1000,10000) -> 8283 | E14: =C14+D14 -> 60705
A15: =Январь!$A$15 -> Зайцева Ирина Михайловна | B15: =Январь!$B$15 -> Кассир | C15: =Январь!$C$15+RANDBETWEEN(-5000,5000) -> 27871 | D15: =RANDBETWEEN(1000,10000) -> 5830 | E15: =C15+D15 -> 33701
A16: =Январь!$A$16 -> Павлов Егор Владимирович | B16: =Январь!$B$16 -> Уборщик | C16: =Январь!$C$16+RANDBETWEEN(-5000,5000) -> 25877 | D16: =RANDBETWEEN(1000,10000) -> 4526 | E16: =C16+D16 -> 30403
A17: =Январь!$A$17 -> Семёнова Алина Артёмовна | B17: =Январь!$B$17 -> Кассир | C17: =Январь!$C$17+RANDBETWEEN(-5000,5000) -> 31495 | D17: =RANDBETWEEN(1000,10000) -> 5933 | E17: =C17+D17 -> 37428
A18: =Январь!$A$18 -> Голубев Роман Игоревич | B18: =Январь!$B$18 -> Бариста | C18: =Январь!$C$18+RANDBETWEEN(-5000,5000) -> 32879 | D18: =RANDBETWEEN(1000,10000) -> 6008 | E18: =C18+D18 -> 38887
A19: =Январь!$A$19 -> Виноградова Юлия Сергеевна | B19: =Январь!$B$19 -> Управляющий | C19: =Январь!$C$19+RANDBETWEEN(-5000,5000) -> 57084 | D19: =RANDBETWEEN(1000,10000) -> 2803 | E19: =C19+D19 -> 59887
A20: =Январь!$A$20 -> Богданов Станислав Олегович | B20: =Январь!$B$20 -> Бариста | C20: =Январь!$C$20+RANDBETWEEN(-5000,5000) -> 34776 | D20: =RANDBETWEEN(1000,10000) -> 9361 | E20: =C20+D20 -> 44137
A21: =Январь!$A$21 -> Воробьёва Екатерина Андреевна | B21: =Январь!$B$21 -> Кондитер | C21: =Январь!$C$21+RANDBETWEEN(-5000,5000) -> 35730 | D21: =RANDBETWEEN(1000,10000) -> 9539 | E21: =C21+D21 -> 45269
A22: =Январь!$A$22 -> Фёдоров Павел Дмитриевич | B22: =Январь!$B$22 -> Кондитер | C22: =Январь!$C$22+RANDBETWEEN(-5000,5000) -> 35356 | D22: =RANDBETWEEN(1000,10000) -> 1062 | E22: =C22+D22 -> 36418
A23: =Январь!$A$23 -> Михайлова Светлана Ивановна | B23: =Январь!$B$23 -> Кассир | C23: =Январь!$C$23+RANDBETWEEN(-5000,5000) -> 31675 | D23: =RANDBETWEEN(1000,10000) -> 8956 | E23: =C23+D23 -> 40631
A24: =Январь!$A$24 -> Беляев Антон Николаевич | B24: =Январь!$B$24 -> Управляющий | C24: =Январь!$C$24+RANDBETWEEN(-5000,5000) -> 58620 | D24: =RANDBETWEEN(1000,10000) -> 8525 | E24: =C24+D24 -> 67145
A25: =Январь!$A$25 -> Тарасова Валерия Романовна | B25: =Январь!$B$25 -> Кондитер | C25: =Январь!$C$25+RANDBETWEEN(-5000,5000) -> 41355 | D25: =RANDBETWEEN(1000,10000) -> 9567 | E25: =C25+D25 -> 50922
A26: =Январь!$A$26 -> Белов Глеб Максимович | B26: =Январь!$B$26 -> Бариста | C26: =Январь!$C$26+RANDBETWEEN(-5000,5000) -> 33050 | D26: =RANDBETWEEN(1000,10000) -> 3488 | E26: =C26+D26 -> 36538
A27: =Январь!$A$27 -> Комарова Полина Алексеевна | B27: =Январь!$B$27 -> Кассир | C27: =Январь!$C$27+RANDBETWEEN(-5000,5000) -> 28334 | D27: =RANDBETWEEN(1000,10000) -> 9254 | E27: =C27+D27 -> 37588
A28: =Январь!$A$28 -> Орлов Владислав Станиславович | B28: =Январь!$B$28 -> Управляющий | C28: =Январь!$C$28+RANDBETWEEN(-5000,5000) -> 57318 | D28: =RANDBETWEEN(1000,10000) -> 4810 | E28: =C28+D28 -> 62128
A29: =Январь!$A$29 -> Киселёва Надежда Петровна | B29: =Январь!$B$29 -> Уборщик | C29: =Январь!$C$29+RANDBETWEEN(-5000,5000) -> 26389 | D29: =RANDBETWEEN(1000,10000) -> 9378 | E29: =C29+D29 -> 35767
A30: =Январь!$A$30 -> Макаров Тимур Русланович | B30: =Январь!$B$30 -> Кассир | C30: =Январь!$C$30+RANDBETWEEN(-5000,5000) -> 30772 | D30: =RANDBETWEEN(1000,10000) -> 1696 | E30: =C30+D30 -> 32468
A31: =Январь!$A$31 -> Андреева Вероника Дмитриевна | B31: =Январь!$B$31 -> Управляющий | C31: =Январь!$C$31+RANDBETWEEN(-5000,5000) -> 54702 | D31: =RANDBETWEEN(1000,10000) -> 3353 | E31: =C31+D31 -> 58055

Sheet Июнь
A1: ФИО | B1: Должность | C1: Оклад | D1: Премия | E1: Итого
A2: =Январь!$A$2 -> Иванов Алексей Петрович | B2: =Январь!$B$2 -> Бариста | C2: =Январь!$C$2+RANDBETWEEN(-5000,5000) -> 32479 | D2: =RANDBETWEEN(1000,10000) -> 1847 | E2: =C2+D2 -> 34326
A3: =Январь!$A$3 -> Смирнова Елена Викторовна | B3: =Январь!$B$3 -> Уборщик | C3: =Январь!$C$3+RANDBETWEEN(-5000,5000) -> 24540 | D3: =RANDBETWEEN(1000,10000) -> 3966 | E3: =C3+D3 -> 28506
A4: =Январь!$A$4 -> Кузнецов Дмитрий Сергеевич | B4: =Январь!$B$4 -> Управляющий | C4: =Январь!$C$4+RANDBETWEEN(-5000,5000) -> 51714 | D4: =RANDBETWEEN(1000,10000) -> 8209 | E4: =C4+D4 -> 59923
A5: =Январь!$A$5 -> Попова Анна Игоревна | B5: =Январь!$B$5 -> Бариста | C5: =Январь!$C$5+RANDBETWEEN(-5000,5000) -> 36271 | D5: =RANDBETWEEN(1000,10000) -> 5891 | E5: =C5+D5 -> 42162
A6: =Январь!$A$6 -> Соколов Максим Андреевич | B6: =Январь!$B$6 -> Кондитер | C6: =Январь!$C$6+RANDBETWEEN(-5000,5000) -> 33710 | D6: =RANDBETWEEN(1000,10000) -> 2502 | E6: =C6+D6 -> 36212
A7: =Январь!$A$7 -> Лебедева Ольга Николаевна | B7: =Январь!$B$7 -> Управляющий | C7: =Январь!$C$7+RANDBETWEEN(-5000,5000) -> 53838 | D7: =RANDBETWEEN(1000,10000) -> 5270 | E7: =C7+D7 -> 59108
A8: =Январь!$A$8 -> Козлов Артём Романович | B8: =Январь!$B$8 -> Кондитер | C8: =Январь!$C$8+RANDBETWEEN(-5000,5000) -> 42134 | D8: =RANDBETWEEN(1000,10000) -> 8229 | E8: =C8+D8 -> 50363
A9: =Январь!$A$9 -> Новикова Мария Олеговна | B9: =Январь!$B$9 -> Управляющий | C9: =Январь!$C$9+RANDBETWEEN(-5000,5000) -> 51668 | D9: =RANDBETWEEN(1000,10000) -> 1223 | E9: =C9+D9 -> 52891
A10: =Январь!$A$10 -> Морозов Илья Денисович | B10: =Январь!$B$10 -> Кондитер | C10: =Январь!$C$10+RANDBETWEEN(-5000,5000) -> 37436 | D10: =RANDBETWEEN(1000,10000) -> 3951 | E10: =C10+D10 -> 41387
A11: =Январь!$A$11 -> Петрова Татьяна Юрьевна | B11: =Январь!$B$11 -> Кассир | C11: =Январь!$C$11+RANDBETWEEN(-5000,5000) -> 34295 | D11: =RANDBETWEEN(1000,10000) -> 4615 | E11: =C11+D11 -> 38910
A12: =Январь!$A$12 -> Волков Никита Александрович | B12: =Январь!$B$12 -> Управляющий | C12: =Январь!$C$12+RANDBETWEEN(-5000,5000) -> 58191 | D12: =RANDBETWEEN(1000,10000) -> 5804 | E12: =C12+D12 -> 63995
A13: =Январь!$A$13 -> Соловьёва Дарья Павловна | B13: =Январь!$B$13 -> Бариста | C13: =Январь!$C$13+RANDBETWEEN(-5000,5000) -> 36170 | D13: =RANDBETWEEN(1000,10000) -> 8623 | E13: =C13+D13 -> 44793
A14: =Январь!$A$14 -> Васильев Кирилл Евгеньевич | B14: =Январь!$B$14 -> Управляющий | C14: =Январь!$C$14+RANDBETWEEN(-5000,5000) -> 52155 | D14: =RANDBETWEEN(1000,10000) -> 9367 | E14: =C14+D14 -> 61522
A15: =Январь!$A$15 -> Зайцева Ирина Михайловна | B15: =Январь!$B$15 -> Кассир | C15: =Январь!$C$15+RANDBETWEEN(-5000,5000) -> 31589 | D15: =RANDBETWEEN(1000,10000) -> 2900 | E15: =C15+D15 -> 34489
A16: =Январь!$A$16 -> Павлов Егор Владимирович | B16: =Январь!$B$16 -> Уборщик | C16: =Январь!$C$16+RANDBETWEEN(-5000,5000) -> 29332 | D16: =RANDBETWEEN(1000,10000) -> 2859 | E16: =C16+D16 -> 32191
A17: =Январь!$A$17 -> Семёнова Алина Артёмовна | B17: =Январь!$B$17 -> Кассир | C17: =Январь!$C$17+RANDBETWEEN(-5000,5000) -> 29813 | D17: =RANDBETWEEN(1000,10000) -> 4995 | E17: =C17+D17 -> 34808
A18: =Январь!$A$18 -> Голубев Роман Игоревич | B18: =Январь!$B$18 -> Бариста | C18: =Январь!$C$18+RANDBETWEEN(-5000,5000) -> 30892 | D18: =RANDBETWEEN(1000,10000) -> 7441 | E18: =C18+D18 -> 38333
A19: =Январь!$A$19 -> Виноградова Юлия Сергеевна | B19: =Январь!$B$19 -> Управляющий | C19: =Январь!$C$19+RANDBETWEEN(-5000,5000) -> 57465 | D19: =RANDBETWEEN(1000,10000) -> 4408 | E19: =C19+D19 -> 61873
A20: =Январь!$A$20 -> Богданов Станислав Олегович | B20: =Январь!$B$20 -> Бариста | C20: =Январь!$C$20+RANDBETWEEN(-5000,5000) -> 35824 | D20: =RANDBETWEEN(1000,10000) -> 2196 | E20: =C20+D20 -> 38020
A21: =Январь!$A$21 -> Воробьёва Екатерина Андреевна | B21: =Январь!$B$21 -> Кондитер | C21: =Январь!$C$21+RANDBETWEEN(-5000,5000) -> 37255 | D21: =RANDBETWEEN(1000,10000) -> 3429 | E21: =C21+D21 -> 40684
A22: =Январь!$A$22 -> Фёдоров Павел Дмитриевич | B22: =Январь!$B$22 -> Кондитер | C22: =Январь!$C$22+RANDBETWEEN(-5000,5000) -> 41022 | D22: =RANDBETWEEN(1000,10000) -> 8340 | E22: =C22+D22 -> 49362
A23: =Январь!$A$23 -> Михайлова Светлана Ивановна | B23: =Январь!$B$23 -> Кассир | C23: =Январь!$C$23+RANDBETWEEN(-5000,5000) -> 27978 | D23: =RANDBETWEEN(1000,10000) -> 5169 | E23: =C23+D23 -> 33147
A24: =Январь!$A$24 -> Беляев Антон Николаевич | B24: =Январь!$B$24 -> Управляющий | C24: =Январь!$C$24+RANDBETWEEN(-5000,5000) -> 55570 | D24: =RANDBETWEEN(1000,10000) -> 3670 | E24: =C24+D24 -> 59240
A25: =Январь!$A$25 -> Тарасова Валерия Романовна | B25: =Январь!$B$25 -> Кондитер | C25: =Январь!$C$25+RANDBETWEEN(-5000,5000) -> 41000 | D25: =RANDBETWEEN(1000,10000) -> 8760 | E25: =C25+D25 -> 49760
A26: =Январь!$A$26 -> Белов Глеб Максимович | B26: =Январь!$B$26 -> Бариста | C26: =Январь!$C$26+RANDBETWEEN(-5000,5000) -> 36727 | D26: =RANDBETWEEN(1000,10000) -> 6143 | E26: =C26+D26 -> 42870
A27: =Январь!$A$27 -> Комарова Полина Алексеевна | B27: =Январь!$B$27 -> Кассир | C27: =Январь!$C$27+RANDBETWEEN(-5000,5000) -> 25155 | D27: =RANDBETWEEN(1000,10000) -> 1801 | E27: =C27+D27 -> 26956
A28: =Январь!$A$28 -> Орлов Владислав Станиславович | B28: =Январь!$B$28 -> Управляющий | C28: =Январь!$C$28+RANDBETWEEN(-5000,5000) -> 54296 | D28: =RANDBETWEEN(1000,10000) -> 2922 | E28: =C28+D28 -> 57218
A29: =Январь!$A$29 -> Киселёва Надежда Петровна | B29: =Январь!$B$29 -> Уборщик | C29: =Январь!$C$29+RANDBETWEEN(-5000,5000) -> 20583 | D29: =RANDBETWEEN(1000,10000) -> 4414 | E29: =C29+D29 -> 24997
A30: =Январь!$A$30 -> Макаров Тимур Русланович | B30: =Январь!$B$30 -> Кассир | C30: =Январь!$C$30+RANDBETWEEN(-5000,5000) -> 29409 | D30: =RANDBETWEEN(1000,10000) -> 9978 | E30: =C30+D30 -> 39387
A31: =Январь!$A$31 -> Андреева Вероника Дмитриевна | B31: =Январь!$B$31 -> Управляющий | C31: =Январь!$C$31+RANDBETWEEN(-5000,5000) -> 52825 | D31: =RANDBETWEEN(1000,10000) -> 2981 | E31: =C31+D31 -> 55806

Sheet Июль
A1: ФИО | B1: Должность | C1: Оклад | D1: Премия | E1: Итого
A2: =Январь!$A$2 -> Иванов Алексей Петрович | B2: =Январь!$B$2 -> Бариста | C2: =Январь!$C$2+RANDBETWEEN(-5000,5000) -> 30244 | D2: =RANDBETWEEN(1000,10000) -> 9170 | E2: =C2+D2 -> 39414
A3: =Январь!$A$3 -> Смирнова Елена Викторовна | B3: =Январь!$B$3 -> Уборщик | C3: =Январь!$C$3+RANDBETWEEN(-5000,5000) -> 22075 | D3: =RANDBETWEEN(1000,10000) -> 5667 | E3: =C3+D3 -> 27742
A4: =Январь!$A$4 -> Кузнецов Дмитрий Сергеевич | B4: =Январь!$B$4 -> Управляющий | C4: =Январь!$C$4+RANDBETWEEN(-5000,5000) -> 53313 | D4: =RANDBETWEEN(1000,10000) -> 1459 | E4: =C4+D4 -> 54772
A5: =Январь!$A$5 -> Попова Анна Игоревна | B5: =Январь!$B$5 -> Бариста | C5: =Январь!$C$5+RANDBETWEEN(-5000,5000) -> 36014 | D5: =RANDBETWEEN(1000,10000) -> 1030 | E5: =C5+D5 -> 37044
A6: =Январь!$A$6 -> Соколов Максим Андреевич | B6: =Январь!$B$6 -> Кондитер | C6: =Январь!$C$6+RANDBETWEEN(-5000,5000) -> 41832 | D6: =RANDBETWEEN(1000,10000) -> 3451 | E6: =C6+D6 -> 45283
A7: =Январь!$A$7 -> Лебедева Ольга Николаевна | B7: =Январь!$B$7 -> Управляющий | C7: =Январь!$C$7+RANDBETWEEN(-5000,5000) -> 59045 | D7: =RANDBETWEEN(1000,10000) -> 2408 | E7: =C7+D7 -> 61453
A8: =Январь!$A$8 -> Козлов Артём Романович | B8: =Январь!$B$8 -> Кондитер | C8: =Январь!$C$8+RANDBETWEEN(-5000,5000) -> 37013 | D8: =RANDBETWEEN(1000,10000) -> 4989 | E8: =C8+D8 -> 42002
A9: =Январь!$A$9 -> Новикова Мария Олеговна | B9: =Январь!$B$9 -> Управляющий | C9: =Январь!$C$9+RANDBETWEEN(-5000,5000) -> 59752 | D9: =RANDBETWEEN(1000,10000) -> 8861 | E9: =C9+D9 -> 68613
A10: =Январь!$A$10 -> Морозов Илья Денисович | B10: =Январь!$B$10 -> Кондитер | C10: =Январь!$C$10+RANDBETWEEN(-5000,5000) -> 38457 | D10: =RANDBETWEEN(1000,10000) -> 1580 | E10: =C10+D10 -> 40037
A11: =Январь!$A$11 -> Петрова Татьяна Юрьевна | B11: =Январь!$B$11 -> Кассир | C11: =Январь!$C$11+RANDBETWEEN(-5000,5000) -> 31159 | D11: =RANDBETWEEN(1000,10000) -> 4342 | E11: =C11+D11 -> 35501
A12: =Январь!$A$12 -> Волков Никита Александрович | B12: =Январь!$B$12 -> Управляющий | C12: =Январь!$C$12+RANDBETWEEN(-5000,5000) -> 54025 | D12: =RANDBETWEEN(1000,10000) -> 4307 | E12: =C12+D12 -> 58332
A13: =Январь!$A$13 -> Соловьёва Дарья Павловна | B13: =Январь!$B$13 -> Бариста | C13: =Январь!$C$13+RANDBETWEEN(-5000,5000) -> 37814 | D13: =RANDBETWEEN(1000,10000) -> 6960 | E13: =C13+D13 -> 44774
A14: =Январь!$A$14 -> Васильев Кирилл Евгеньевич | B14: =Январь!$B$14 -> Управляющий | C14: =Январь!$C$14+RANDBETWEEN(-5000,5000) -> 57554 | D14: =RANDBETWEEN(1000,10000) -> 2649 | E14: =C14+D14 -> 60203
A15: =Январь!$A$15 -> Зайцева Ирина Михайловна | B15: =Январь!$B$15 -> Кассир | C15: =Январь!$C$15+RANDBETWEEN(-5000,5000) -> 25492 | D15: =RANDBETWEEN(1000,10000) -> 3624 | E15: =C15+D15 -> 29116
A16: =Январь!$A$16 -> Павлов Егор Владимирович | B16: =Январь!$B$16 -> Уборщик | C16: =Январь!$C$16+RANDBETWEEN(-5000,5000) -> 26506 | D16: =RANDBETWEEN(1000,10000) -> 2565 | E16: =C16+D16 -> 29071
A17: =Январь!$A$17 -> Семёнова Алина Артёмовна | B17: =Январь!$B$17 -> Кассир | C17: =Январь!$C$17+RANDBETWEEN(-5000,5000) -> 27043 | D17: =RANDBETWEEN(1000,10000) -> 8840 | E17: =C17+D17 -> 35883
A18: =Январь!$A$18 -> Голубев Роман Игоревич | B18: =Январь!$B$18 -> Бариста | C18: =Январь!$C$18+RANDBETWEEN(-5000,5000) -> 38442 | D18: =RANDBETWEEN(1000,10000) -> 9170 | E18: =C18+D18 -> 47612
A19: =Январь!$A$19 -> Виноградова Юлия Сергеевна | B19: =Январь!$B$19 -> Управляющий | C19: =Январь!$C$19+RANDBETWEEN(-5000,5000) -> 54155 | D19: =RANDBETWEEN(1000,10000) -> 7486 | E19: =C19+D19 -> 61641
A20: =Январь!$A$20 -> Богданов Станислав Олегович | B20: =Январь!$B$20 -> Бариста | C20: =Январь!$C$20+RANDBETWEEN(-5000,5000) -> 39218 | D20: =RANDBETWEEN(1000,10000) -> 1056 | E20: =C20+D20 -> 40274
A21: =Январь!$A$21 -> Воробьёва Екатерина Андреевна | B21: =Январь!$B$21 -> Кондитер | C21: =Январь!$C$21+RANDBETWEEN(-5000,5000) -> 38122 | D21: =RANDBETWEEN(1000,10000) -> 1900 | E21: =C21+D21 -> 40022
A22: =Январь!$A$22 -> Фёдоров Павел Дмитриевич | B22: =Январь!$B$22 -> Кондитер | C22: =Январь!$C$22+RANDBETWEEN(-5000,5000) -> 38068 | D22: =RANDBETWEEN(1000,10000) -> 5439 | E22: =C22+D22 -> 43507
A23: =Январь!$A$23 -> Михайлова Светлана Ивановна | B23: =Январь!$B$23 -> Кассир | C23: =Январь!$C$23+RANDBETWEEN(-5000,5000) -> 29282 | D23: =RANDBETWEEN(1000,10000) -> 9643 | E23: =C23+D23 -> 38925
A24: =Январь!$A$24 -> Беляев Антон Николаевич | B24: =Январь!$B$24 -> Управляющий | C24: =Январь!$C$24+RANDBETWEEN(-5000,5000) -> 58727 | D24: =RANDBETWEEN(1000,10000) -> 1790 | E24: =C24+D24 -> 60517
A25: =Январь!$A$25 -> Тарасова Валерия Романовна | B25: =Январь!$B$25 -> Кондитер | C25: =Январь!$C$25+RANDBETWEEN(-5000,5000) -> 36901 | D25: =RANDBETWEEN(1000,10000) -> 9453 | E25: =C25+D25 -> 46354
A26: =Январь!$A$26 -> Белов Глеб Максимович | B26: =Январь!$B$26 -> Бариста | C26: =Январь!$C$26+RANDBETWEEN(-5000,5000) -> 37898 | D26: =RANDBETWEEN(1000,10000) -> 9116 | E26: =C26+D26 -> 47014
A27: =Январь!$A$27 -> Комарова Полина Алексеевна | B27: =Январь!$B$27 -> Кассир | C27: =Январь!$C$27+RANDBETWEEN(-5000,5000) -> 31455 | D27: =RANDBETWEEN(1000,10000) -> 4257 | E27: =C27+D27 -> 35712
A28: =Январь!$A$28 -> Орлов Владислав Станиславович | B28: =Январь!$B$28 -> Управляющий | C28: =Январь!$C$28+RANDBETWEEN(-5000,5000) -> 53404 | D28: =RANDBETWEEN(1000,10000) -> 7780 | E28: =C28+D28 -> 61184
A29: =Январь!$A$29 -> Киселёва Надежда Петровна | B29: =Январь!$B$29 -> Уборщик | C29: =Январь!$C$29+RANDBETWEEN(-5000,5000) -> 25828 | D29: =RANDBETWEEN(1000,10000) -> 6234 | E29: =C29+D29 -> 32062
A30: =Январь!$A$30 -> Макаров Тимур Русланович | B30: =Январь!$B$30 -> Кассир | C30: =Январь!$C$30+RANDBETWEEN(-5000,5000) -> 27455 | D30: =RANDBETWEEN(1000,10000) -> 4063 | E30: =C30+D30 -> 31518
A31: =Январь!$A$31 -> Андреева Вероника Дмитриевна | B31: =Январь!$B$31 -> Управляющий | C31: =Январь!$C$31+RANDBETWEEN(-5000,5000) -> 50628 | D31: =RANDBETWEEN(1000,10000) -> 2740 | E31: =C31+D31 -> 53368

Sheet Август
A1: ФИО | B1: Должность | C1: Оклад | D1: Премия | E1: Итого
A2: =Январь!$A$2 -> Иванов Алексей Петрович | B2: =Январь!$B$2 -> Бариста | C2: =Январь!$C$2+RANDBETWEEN(-5000,5000) -> 35649 | D2: =RANDBETWEEN(1000,10000) -> 7882 | E2: =C2+D2 -> 43531
A3: =Январь!$A$3 -> Смирнова Елена Викторовна | B3: =Январь!$B$3 -> Уборщик | C3: =Январь!$C$3+RANDBETWEEN(-5000,5000) -> 22375 | D3: =RANDBETWEEN(1000,10000) -> 7377 | E3: =C3+D3 -> 29752
A4: =Январь!$A$4 -> Кузнецов Дмитрий Сергеевич | B4: =Январь!$B$4 -> Управляющий | C4: =Январь!$C$4+RANDBETWEEN(-5000,5000) -> 58438 | D4: =RANDBETWEEN(1000,10000) -> 9990 | E4: =C4+D4 -> 68428
A5: =Январь!$A$5 -> Попова Анна Игоревна | B5: =Январь!$B$5 -> Бариста | C5: =Январь!$C$5+RANDBETWEEN(-5000,5000) -> 35473 | D5: =RANDBETWEEN(1000,10000) -> 2817 | E5: =C5+D5 -> 38290
A6: =Январь!$A$6 -> Соколов Максим Андреевич | B6: =Январь!$B$6 -> Кондитер | C6: =Январь!$C$6+RANDBETWEEN(-5000,5000) -> 33242 | D6: =RANDBETWEEN(1000,10000) -> 3443 | E6: =C6+D6 -> 36685
A7: =Январь!$A$7 -> Лебедева Ольга Николаевна | B7: =Январь!$B$7 -> Управляющий | C7: =Январь!$C$7+RANDBETWEEN(-5000,5000) -> 50619 | D7: =RANDBETWEEN(1000,10000) -> 6792 | E7: =C7+D7 -> 57411
A8: =Январь!$A$8 -> Козлов Артём Романович | B8: =Январь!$B$8 -> Кондитер | C8: =Январь!$C$8+RANDBETWEEN(-5000,5000) -> 36314 | D8: =RANDBETWEEN(1000,10000) -> 3552 | E8: =C8+D8 -> 39866
A9: =Январь!$A$9 -> Новикова Мария Олеговна | B9: =Январь!$B$9 -> Управляющий | C9: =Январь!$C$9+RANDBETWEEN(-5000,5000) -> 53969 | D9: =RANDBETWEEN(1000,10000) -> 1043 | E9: =C9+D9 -> 55012
A10: =Январь!$A$10 -> Морозов Илья Денисович | B10: =Январь!$B$10 -> Кондитер | C10: =Январь!$C$10+RANDBETWEEN(-5000,5000) -> 42633 | D10: =RANDBETWEEN(1000,10000) -> 9373 | E10: =C10+D10 -> 52006
A11: =Январь!$A$11 -> Петрова Татьяна Юрьевна | B11: =Январь!$B$11 -> Кассир | C11: =Январь!$C$11+RANDBETWEEN(-5000,5000) -> 27047 | D11: =RANDBETWEEN(1000,10000) -> 4111 | E11: =C11+D11 -> 31158
A12: =Январь!$A$12 -> Волков Никита Александрович | B12: =Январь!$B$12 -> Управляющий | C12: =Январь!$C$12+RANDBETWEEN(-5000,5000) -> 50502 | D12: =RANDBETWEEN(1000,10000) -> 6492 | E12: =C12+D12 -> 56994
A13: =Январь!$A$13 -> Соловьёва Дарья Павловна | B13: =Январь!$B$13 -> Бариста | C13: =Январь!$C$13+RANDBETWEEN(-5000,5000) -> 30392 | D13: =RANDBETWEEN(1000,10000) -> 3642 | E13: =C13+D13 -> 34034
A14: =Январь!$A$14 -> Васильев Кирилл Евгеньевич | B14: =Январь!$B$14 -> Управляющий | C14: =Январь!$C$14+RANDBETWEEN(-5000,5000) -> 51395 | D14: =RANDBETWEEN(1000,10000) -> 5192 | E14: =C14+D14 -> 56587
A15: =Январь!$A$15 -> Зайцева Ирина Михайловна | B15: =Январь!$B$15 -> Кассир | C15: =Январь!$C$15+RANDBETWEEN(-5000,5000) -> 26097 | D15: =RANDBETWEEN(1000,10000) -> 5294 | E15: =C15+D15 -> 31391
A16: =Январь!$A$16 -> Павлов Егор Владимирович | B16: =Январь!$B$16 -> Уборщик | C16: =Январь!$C$16+RANDBETWEEN(-5000,5000) -> 29441 | D16: =RANDBETWEEN(1000,10000) -> 6364 | E16: =C16+D16 -> 35805
A17: =Январь!$A$17 -> Семёнова Алина Артёмовна | B17: =Январь!$B$17 -> Кассир | C17: =Январь!$C$17+RANDBETWEEN(-5000,5000) -> 31346 | D17: =RANDBETWEEN(1000,10000) -> 6035 | E17: =C17+D17 -> 37381
A18: =Январь!$A$18 -> Голубев Роман Игоревич | B18: =Январь!$B$18 -> Бариста | C18: =Январь!$C$18+RANDBETWEEN(-5000,5000) -> 30758 | D18: =RANDBETWEEN(1000,10000) -> 9428 | E18: =C18+D18 -> 40186
A19: =Январь!$A$19 -> Виноградова Юлия Сергеевна | B19: =Январь!$B$19 -> Управляющий | C19: =Январь!$C$19+RANDBETWEEN(-5000,5000) -> 50076 | D19: =RANDBETWEEN(1000,10000) -> 5590 | E19: =C19+D19 -> 55666
A20: =Январь!$A$20 -> Богданов Станислав Олегович | B20: =Январь!$B$20 -> Бариста | C20: =Январь!$C$20+RANDBETWEEN(-5000,5000) -> 36566 | D20: =RANDBETWEEN(1000,10000) -> 1959 | E20: =C20+D20 -> 38525
A21: =Январь!$A$21 -> Воробьёва Екатерина Андреевна | B21: =Январь!$B$21 -> Кондитер | C21: =Январь!$C$21+RANDBETWEEN(-5000,5000) -> 35312 | D21: =RANDBETWEEN(1000,10000) -> 5480 | E21: =C21+D21 -> 40792
A22: =Январь!$A$22 -> Фёдоров Павел Дмитриевич | B22: =Январь!$B$22 -> Кондитер | C22: =Январь!$C$22+RANDBETWEEN(-5000,5000) -> 36264 | D22: =RANDBETWEEN(1000,10000) -> 2407 | E22: =C22+D22 -> 38671
A23: =Январь!$A$23 -> Михайлова Светлана Ивановна | B23: =Январь!$B$23 -> Кассир | C23: =Январь!$C$23+RANDBETWEEN(-5000,5000) -> 30185 | D23: =RANDBETWEEN(1000,10000) -> 6166 | E23: =C23+D23 -> 36351
A24: =Январь!$A$24 -> Беляев Антон Николаевич | B24: =Январь!$B$24 -> Управляющий | C24: =Январь!$C$24+RANDBETWEEN(-5000,5000) -> 59105 | D24: =RANDBETWEEN(1000,10000) -> 5757 | E24: =C24+D24 -> 64862
A25: =Январь!$A$25 -> Тарасова Валерия Романовна | B25: =Январь!$B$25 -> Кондитер | C25: =Январь!$C$25+RANDBETWEEN(-5000,5000) -> 39348 | D25: =RANDBETWEEN(1000,10000) -> 7547 | E25: =C25+D25 -> 46895
A26: =Январь!$A$26 -> Белов Глеб Максимович | B26: =Январь!$B$26 -> Бариста | C26: =Январь!$C$26+RANDBETWEEN(-5000,5000) -> 30719 | D26: =RANDBETWEEN(1000,10000) -> 7036 | E26: =C26+D26 -> 37755
A27: =Январь!$A$27 -> Комарова Полина Алексеевна | B27: =Январь!$B$27 -> Кассир | C27: =Январь!$C$27+RANDBETWEEN(-5000,5000) -> 26413 | D27: =RANDBETWEEN(1000,10000) -> 7304 | E27: =C27+D27 -> 33717
A28: =Январь!$A$28 -> Орлов Владислав Станиславович | B28: =Январь!$B$28 -> Управляющий | C28: =Январь!$C$28+RANDBETWEEN(-5000,5000) -> 56272 | D28: =RANDBETWEEN(1000,10000) -> 6376 | E28: =C28+D28 -> 62648
A29: =Январь!$A$29 -> Киселёва Надежда Петровна | B29: =Январь!$B$29 -> Уборщик | C29: =Январь!$C$29+RANDBETWEEN(-5000,5000) -> 21384 | D29: =RANDBETWEEN(1000,10000) -> 8518 | E29: =C29+D29 -> 29902
A30: =Январь!$A$30 -> Макаров Тимур Русланович | B30: =Январь!$B$30 -> Кассир | C30: =Январь!$C$30+RANDBETWEEN(-5000,5000) -> 26178 | D30: =RANDBETWEEN(1000,10000) -> 9528 | E30: =C30+D30 -> 35706
A31: =Январь!$A$31 -> Андреева Вероника Дмитриевна | B31: =Январь!$B$31 -> Управляющий | C31: =Январь!$C$31+RANDBETWEEN(-5000,5000) -> 59745 | D31: =RANDBETWEEN(1000,10000) -> 2907 | E31: =C31+D31 -> 62652

Sheet Сентябрь
A1: ФИО | B1: Должность | C1: Оклад | D1: Премия | E1: Итого
A2: =Январь!$A$2 -> Иванов Алексей Петрович | B2: =Январь!$B$2 -> Бариста | C2: =Январь!$C$2+RANDBETWEEN(-5000,5000) -> 34096 | D2: =RANDBETWEEN(1000,10000) -> 9147 | E2: =C2+D2 -> 43243
A3: =Январь!$A$3 -> Смирнова Елена Викторовна | B3: =Январь!$B$3 -> Уборщик | C3: =Январь!$C$3+RANDBETWEEN(-5000,5000) -> 22847 | D3: =RANDBETWEEN(1000,10000) -> 8609 | E3: =C3+D3 -> 31456
A4: =Январь!$A$4 -> Кузнецов Дмитрий Сергеевич | B4: =Январь!$B$4 -> Управляющий | C4: =Январь!$C$4+RANDBETWEEN(-5000,5000) -> 54358 | D4: =RANDBETWEEN(1000,10000) -> 7887 | E4: =C4+D4 -> 62245
A5: =Январь!$A$5 -> Попова Анна Игоревна | B5: =Январь!$B$5 -> Бариста | C5: =Январь!$C$5+RANDBETWEEN(-5000,5000) -> 36240 | D5: =RANDBETWEEN(1000,10000) -> 2595 | E5: =C5+D5 -> 38835
A6: =Январь!$A$6 -> Соколов Максим Андреевич | B6: =Январь!$B$6 -> Кондитер | C6: =Январь!$C$6+RANDBETWEEN(-5000,5000) -> 37883 | D6: =RANDBETWEEN(1000,10000) -> 4798 | E6: =C6+D6 -> 42681
A7: =Январь!$A$7 -> Лебедева Ольга Николаевна | B7: =Январь!$B$7 -> Управляющий | C7: =Январь!$C$7+RANDBETWEEN(-5000,5000) -> 51071 | D7: =RANDBETWEEN(1000,10000) -> 8435 | E7: =C7+D7 -> 59506
A8: =Январь!$A$8 -> Козлов Артём Романович | B8: =Январь!$B$8 -> Кондитер | C8: =Январь!$C$8+RANDBETWEEN(-5000,5000) -> 37010 | D8: =RANDBETWEEN(1000,10000) -> 9055 | E8: =C8+D8 -> 46065
A9: =Январь!$A$9 -> Новикова Мария Олеговна | B9: =Январь!$B$9 -> Управляющий | C9: =Январь!$C$9+RANDBETWEEN(-5000,5000) -> 58353 | D9: =RANDBETWEEN(1000,10000) -> 8022 | E9: =C9+D9 -> 66375
A10: =Январь!$A$10 -> Морозов Илья Денисович | B10: =Январь!$B$10 -> Кондитер | C10: =Январь!$C$10+RANDBETWEEN(-5000,5000) -> 37372 | D10: =RANDBETWEEN(1000,10000) -> 9709 | E10: =C10+D10 -> 47081
A11: =Январь!$A$11 -> Петрова Татьяна Юрьевна | B11: =Январь!$B$11 -> Кассир | C11: =Январь!$C$11+RANDBETWEEN(-5000,5000) -> 27984 | D11: =RANDBETWEEN(1000,10000) -> 5248 | E11: =C11+D11 -> 33232
A12: =Январь!$A$12 -> Волков Никита Александрович | B12: =Январь!$B$12 -> Управляющий | C12: =Январь!$C$12+RANDBETWEEN(-5000,5000) -> 53415 | D12: =RANDBETWEEN(1000,10000) -> 2725 | E12: =C12+D12 -> 56140
A13: =Январь!$A$13 -> Соловьёва Дарья Павловна | B13: =Январь!$B$13 -> Бариста | C13: =Январь!$C$13+RANDBETWEEN(-5000,5000) -> 35393 | D13: =RANDBETWEEN(1000,10000) -> 6668 | E13: =C13+D13 -> 42061
A14: =Январь!$A$14 -> Васильев Кирилл Евгеньевич | B14: =Январь!$B$14 -> Управляющий | C14: =Январь!$C$14+RANDBETWEEN(-5000,5000) -> 57855 | D14: =RANDBETWEEN(1000,10000) -> 3861 | E14: =C14+D14 -> 61716
A15: =Январь!$A$15 -> Зайцева Ирина Михайловна | B15: =Январь!$B$15 -> Кассир | C15: =Январь!$C$15+RANDBETWEEN(-5000,5000) -> 29806 | D15: =RANDBETWEEN(1000,10000) -> 1005 | E15: =C15+D15 -> 30811
A16: =Январь!$A$16 -> Павлов Егор Владимирович | B16: =Январь!$B$16 -> Уборщик | C16: =Январь!$C$16+RANDBETWEEN(-5000,5000) -> 26989 | D16: =RANDBETWEEN(1000,10000) -> 4328 | E16: =C16+D16 -> 31317
A17: =Январь!$A$17 -> Семёнова Алина Артёмовна | B17: =Январь!$B$17 -> Кассир | C17: =Январь!$C$17+RANDBETWEEN(-5000,5000) -> 34055 | D17: =RANDBETWEEN(1000,10000) -> 9286 | E17: =C17+D17 -> 43341
A18: =Январь!$A$18 -> Голубев Роман Игоревич | B18: =Январь!$B$18 -> Бариста | C18: =Январь!$C$18+RANDBETWEEN(-5000,5000) -> 34001 | D18: =RANDBETWEEN(1000,10000) -> 8604 | E18: =C18+D18 -> 42605
A19: =Январь!$A$19 -> Виноградова Юлия Сергеевна | B19: =Январь!$B$19 -> Управляющий | C19: =Январь!$C$19+RANDBETWEEN(-5000,5000) -> 59385 | D19: =RANDBETWEEN(1000,10000) -> 1606 | E19: =C19+D19 -> 60991
A20: =Январь!$A$20 -> Богданов Станислав Олегович | B20: =Январь!$B$20 -> Бариста | C20: =Январь!$C$20+RANDBETWEEN(-5000,5000) -> 35398 | D20: =RANDBETWEEN(1000,10000) -> 7124 | E20: =C20+D20 -> 42522
A21: =Январь!$A$21 -> Воробьёва Екатерина Андреевна | B21: =Январь!$B$21 -> Кондитер | C21: =Январь!$C$21+RANDBETWEEN(-5000,5000) -> 33149 | D21: =RANDBETWEEN(1000,10000) -> 5962 | E21: =C21+D21 -> 39111
A22: =Январь!$A$22 -> Фёдоров Павел Дмитриевич | B22: =Январь!$B$22 -> Кондитер | C22: =Январь!$C$22+RANDBETWEEN(-5000,5000) -> 38970 | D22: =RANDBETWEEN(1000,10000) -> 6083 | E22: =C22+D22 -> 45053
A23: =Январь!$A$23 -> Михайлова Светлана Ивановна | B23: =Январь!$B$23 -> Кассир | C23: =Январь!$C$23+RANDBETWEEN(-5000,5000) -> 25853 | D23: =RANDBETWEEN(1000,10000) -> 1328 | E23: =C23+D23 -> 27181
A24: =Январь!$A$24 -> Беляев Антон Николаевич | B24: =Январь!$B$24 -> Управляющий | C24: =Январь!$C$24+RANDBETWEEN(-5000,5000) -> 56007 | D24: =RANDBETWEEN(1000,10000) -> 9455 | E24: =C24+D24 -> 65462
A25: =Январь!$A$25 -> Тарасова Валерия Романовна | B25: =Январь!$B$25 -> Кондитер | C25: =Январь!$C$25+RANDBETWEEN(-5000,5000) -> 36192 | D25: =RANDBETWEEN(1000,10000) -> 1595 | E25: =C25+D25 -> 37787
A26: =Январь!$A$26 -> Белов Глеб Максимович | B26: =Январь!$B$26 -> Бариста | C26: =Январь!$C$26+RANDBETWEEN(-5000,5000) -> 33299 | D26: =RANDBETWEEN(1000,10000) -> 8604 | E26: =C26+D26 -> 41903
A27: =Январь!$A$27 -> Комарова Полина Алексеевна | B27: =Январь!$B$27 -> Кассир | C27: =Январь!$C$27+RANDBETWEEN(-5000,5000) -> 33412 | D27: =RANDBETWEEN(1000,10000) -> 6235 | E27: =C27+D27 -> 39647
A28: =Январь!$A$28 -> Орлов Владислав Станиславович | B28: =Январь!$B$28 -> Управляющий | C28: =Январь!$C$28+RANDBETWEEN(-5000,5000) -> 54685 | D28: =RANDBETWEEN(1000,10000) -> 4190 | E28: =C28+D28 -> 58875
A29: =Январь!$A$29 -> Киселёва Надежда Петровна | B29: =Январь!$B$29 -> Уборщик | C29: =Январь!$C$29+RANDBETWEEN(-5000,5000) -> 26006 | D29: =RANDBETWEEN(1000,10000) -> 5368 | E29: =C29+D29 -> 31374
A30: =Январь!$A$30 -> Макаров Тимур Русланович | B30: =Январь!$B$30 -> Кассир | C30: =Январь!$C$30+RANDBETWEEN(-5000,5000) -> 30261 | D30: =RANDBETWEEN(1000,10000) -> 2581 | E30: =C30+D30 -> 32842
A31: =Январь!$A$31 -> Андреева Вероника Дмитриевна | B31: =Январь!$B$31 -> Управляющий | C31: =Январь!$C$31+RANDBETWEEN(-5000,5000) -> 59285 | D31: =RANDBETWEEN(1000,10000) -> 9929 | E31: =C31+D31 -> 69214

Sheet Октябрь
A1: ФИО | B1: Должность | C1: Оклад | D1: Премия | E1: Итого
A2: =Январь!$A$2 -> Иванов Алексей Петрович | B2: =Январь!$B$2 -> Бариста | C2: =Январь!$C$2+RANDBETWEEN(-5000,5000) -> 38108 | D2: =RANDBETWEEN(1000,10000) -> 1885 | E2: =C2+D2 -> 39993
A3: =Январь!$A$3 -> Смирнова Елена Викторовна | B3: =Январь!$B$3 -> Уборщик | C3: =Январь!$C$3+RANDBETWEEN(-5000,5000) -> 28954 | D3: =RANDBETWEEN(1000,10000) -> 1270 | E3: =C3+D3 -> 30224
A4: =Январь!$A$4 -> Кузнецов Дмитрий Сергеевич | B4: =Январь!$B$4 -> Управляющий | C4: =Январь!$C$4+RANDBETWEEN(-5000,5000) -> 53626 | D4: =RANDBETWEEN(1000,10000) -> 9023 | E4: =C4+D4 -> 62649
A5: =Январь!$A$5 -> Попова Анна Игоревна | B5: =Январь!$B$5 -> Бариста | C5: =Январь!$C$5+RANDBETWEEN(-5000,5000) -> 37453 | D5: =RANDBETWEEN(1000,10000) -> 5589 | E5: =C5+D5 -> 43042
A6: =Январь!$A$6 -> Соколов Максим Андреевич | B6: =Январь!$B$6 -> Кондитер | C6: =Январь!$C$6+RANDBETWEEN(-5000,5000) -> 38349 | D6: =RANDBETWEEN(1000,10000) -> 1694 | E6: =C6+D6 -> 40043
A7: =Январь!$A$7 -> Лебедева Ольга Николаевна | B7: =Январь!$B$7 -> Управляющий | C7: =Январь!$C$7+RANDBETWEEN(-5000,5000) -> 52773 | D7: =RANDBETWEEN(1000,10000) -> 1751 | E7: =C7+D7 -> 54524
A8: =Январь!$A$8 -> Козлов Артём Романович | B8: =Январь!$B$8 -> Кондитер | C8: =Январь!$C$8+RANDBETWEEN(-5000,5000) -> 36374 | D8: =RANDBETWEEN(1000,10000) -> 7038 | E8: =C8+D8 -> 43412
A9: =Январь!$A$9 -> Новикова Мария Олеговна | B9: =Январь!$B$9 -> Управляющий | C9: =Январь!$C$9+RANDBETWEEN(-5000,5000) -> 59593 | D9: =RANDBETWEEN(1000,10000) -> 7734 | E9: =C9+D9 -> 67327
A10: =Январь!$A$10 -> Морозов Илья Денисович | B10: =Январь!$B$10 -> Кондитер | C10: =Январь!$C$10+RANDBETWEEN(-5000,5000) -> 39815 | D10: =RANDBETWEEN(1000,10000) -> 4671 | E10: =C10+D10 -> 44486
A11: =Январь!$A$11 -> Петрова Татьяна Юрьевна | B11: =Январь!$B$11 -> Кассир | C11: =Январь!$C$11+RANDBETWEEN(-5000,5000) -> 30199 | D11: =RANDBETWEEN(1000,10000) -> 9678 | E11: =C11+D11 -> 39877
A12: =Январь!$A$12 -> Волков Никита Александрович | B12: =Январь!$B$12 -> Управляющий | C12: =Январь!$C$12+RANDBETWEEN(-5000,5000) -> 55443 | D12: =RANDBETWEEN(1000,10000) -> 4024 | E12: =C12+D12 -> 59467
A13: =Январь!$A$13 -> Соловьёва Дарья Павловна | B13: =Январь!$B$13 -> Бариста | C13: =Январь!$C$13+RANDBETWEEN(-5000,5000) -> 39628 | D13: =RANDBETWEEN(1000,10000) -> 6041 | E13: =C13+D13 -> 45669
A14: =Январь!$A$14 -> Васильев Кирилл Евгеньевич | B14: =Январь!$B$14 -> Управляющий | C14: =Январь!$C$14+RANDBETWEEN(-5000,5000) -> 54592 | D14: =RANDBETWEEN(1000,10000) -> 3019 | E14: =C14+D14 -> 57611
A15: =Январь!$A$15 -> Зайцева Ирина Михайловна | B15: =Январь!$B$15 -> Кассир | C15: =Январь!$C$15+RANDBETWEEN(-5000,5000) -> 26450 | D15: =RANDBETWEEN(1000,10000) -> 9002 | E15: =C15+D15 -> 35452
A16: =Январь!$A$16 -> Павлов Егор Владимирович | B16: =Январь!$B$16 -> Уборщик | C16: =Январь!$C$16+RANDBETWEEN(-5000,5000) -> 20831 | D16: =RANDBETWEEN(1000,10000) -> 9273 | E16: =C16+D16 -> 30104
A17: =Январь!$A$17 -> Семёнова Алина Артёмовна | B17: =Январь!$B$17 -> Кассир | C17: =Январь!$C$17+RANDBETWEEN(-5000,5000) -> 28282 | D17: =RANDBETWEEN(1000,10000) -> 3462 | E17: =C17+D17 -> 31744
A18: =Январь!$A$18 -> Голубев Роман Игоревич | B18: =Январь!$B$18 -> Бариста | C18: =Январь!$C$18+RANDBETWEEN(-5000,5000) -> 36982 | D18: =RANDBETWEEN(1000,10000) -> 3668 | E18: =C18+D18 -> 40650
A19: =Январь!$A$19 -> Виноградова Юлия Сергеевна | B19: =Январь!$B$19 -> Управляющий | C19: =Январь!$C$19+RANDBETWEEN(-5000,5000) -> 50445 | D19: =RANDBETWEEN(1000,10000) -> 4668 | E19: =C19+D19 -> 55113
A20: =Январь!$A$20 -> Богданов Станислав Олегович | B20: =Январь!$B$20 -> Бариста | C20: =Январь!$C$20+RANDBETWEEN(-5000,5000) -> 31205 | D20: =RANDBETWEEN(1000,10000) -> 8822 | E20: =C20+D20 -> 40027
A21: =Январь!$A$21 -> Воробьёва Екатерина Андреевна | B21: =Январь!$B$21 -> Кондитер | C21: =Январь!$C$21+RANDBETWEEN(-5000,5000) -> 39804 | D21: =RANDBETWEEN(1000,10000) -> 6609 | E21: =C21+D21 -> 46413
A22: =Январь!$A$22 -> Фёдоров Павел Дмитриевич | B22: =Январь!$B$22 -> Кондитер | C22: =Январь!$C$22+RANDBETWEEN(-5000,5000) -> 41596 | D22: =RANDBETWEEN(1000,10000) -> 3603 | E22: =C22+D22 -> 45199
A23: =Январь!$A$23 -> Михайлова Светлана Ивановна | B23: =Январь!$B$23 -> Кассир | C23: =Январь!$C$23+RANDBETWEEN(-5000,5000) -> 33191 | D23: =RANDBETWEEN(1000,10000) -> 9131 | E23: =C23+D23 -> 42322
A24: =Январь!$A$24 -> Беляев Антон Николаевич | B24: =Январь!$B$24 -> Управляющий | C24: =Январь!$C$24+RANDBETWEEN(-5000,5000) -> 56588 | D24: =RANDBETWEEN(1000,10000) -> 2789 | E24: =C24+D24 -> 59377
A25: =Январь!$A$25 -> Тарасова Валерия Романовна | B25: =Январь!$B$25 -> Кондитер | C25: =Январь!$C$25+RANDBETWEEN(-5000,5000) -> 33957 | D25: =RANDBETWEEN(1000,10000) -> 1026 | E25: =C25+D25 -> 34983
A26: =Январь!$A$26 -> Белов Глеб Максимович | B26: =Январь!$B$26 -> Бариста | C26: =Январь!$C$26+RANDBETWEEN(-5000,5000) -> 32785 | D26: =RANDBETWEEN(1000,10000) -> 1405 | E26: =C26+D26 -> 34190
A27: =Январь!$A$27 -> Комарова Полина Алексеевна | B27: =Январь!$B$27 -> Кассир | C27: =Январь!$C$27+RANDBETWEEN(-5000,5000) -> 34078 | D27: =RANDBETWEEN(1000,10000) -> 7042 | E27: =C27+D27 -> 41120
A28: =Январь!$A$28 -> Орлов Владислав Станиславович | B28: =Январь!$B$28 -> Управляющий | C28: =Январь!$C$28+RANDBETWEEN(-5000,5000) -> 50421 | D28: =RANDBETWEEN(1000,10000) -> 4913 | E28: =C28+D28 -> 55334
A29: =Январь!$A$29 -> Киселёва Надежда Петровна | B29: =Январь!$B$29 -> Уборщик | C29: =Январь!$C$29+RANDBETWEEN(-5000,5000) -> 28449 | D29: =RANDBETWEEN(1000,10000) -> 4978 | E29: =C29+D29 -> 33427
A30: =Январь!$A$30 -> Макаров Тимур Русланович | B30: =Январь!$B$30 -> Кассир | C30: =Январь!$C$30+RANDBETWEEN(-5000,5000) -> 25861 | D30: =RANDBETWEEN(1000,10000) -> 1816 | E30: =C30+D30 -> 27677
A31: =Январь!$A$31 -> Андреева Вероника Дмитриевна | B31: =Январь!$B$31 -> Управляющий | C31: =Январь!$C$31+RANDBETWEEN(-5000,5000) -> 51432 | D31: =RANDBETWEEN(1000,10000) -> 7637 | E31: =C31+D31 -> 59069

Sheet Ноябрь
A1: ФИО | B1: Должность | C1: Оклад | D1: Премия | E1: Итого
A2: =Январь!$A$2 -> Иванов Алексей Петрович | B2: =Январь!$B$2 -> Бариста | C2: =Январь!$C$2+RANDBETWEEN(-5000,5000) -> 33592 | D2: =RANDBETWEEN(1000,10000) -> 2628 | E2: =C2+D2 -> 36220
A3: =Январь!$A$3 -> Смирнова Елена Викторовна | B3: =Январь!$B$3 -> Уборщик | C3: =Январь!$C$3+RANDBETWEEN(-5000,5000) -> 29726 | D3: =RANDBETWEEN(1000,10000) -> 3057 | E3: =C3+D3 -> 32783
A4: =Январь!$A$4 -> Кузнецов Дмитрий Сергеевич | B4: =Январь!$B$4 -> Управляющий | C4: =Январь!$C$4+RANDBETWEEN(-5000,5000) -> 57029 | D4: =RANDBETWEEN(1000,10000) -> 3681 | E4: =C4+D4 -> 60710
A5: =Январь!$A$5 -> Попова Анна Игоревна | B5: =Январь!$B$5 -> Бариста | C5: =Январь!$C$5+RANDBETWEEN(-5000,5000) -> 38265 | D5: =RANDBETWEEN(1000,10000) -> 6045 | E5: =C5+D5 -> 44310
A6: =Январь!$A$6 -> Соколов Максим Андреевич | B6: =Январь!$B$6 -> Кондитер | C6: =Январь!$C$6+RANDBETWEEN(-5000,5000) -> 38381 | D6: =RANDBETWEEN(1000,10000) -> 1341 | E6: =C6+D6 -> 39722
A7: =Январь!$A$7 -> Лебедева Ольга Николаевна | B7: =Январь!$B$7 -> Управляющий | C7: =Январь!$C$7+RANDBETWEEN(-5000,5000) -> 59387 | D7: =RANDBETWEEN(1000,10000) -> 8576 | E7: =C7+D7 -> 67963
A8: =Январь!$A$8 -> Козлов Артём Романович | B8: =Январь!$B$8 -> Кондитер | C8: =Январь!$C$8+RANDBETWEEN(-5000,5000) -> 34527 | D8: =RANDBETWEEN(1000,10000) -> 8929 | E8: =C8+D8 -> 43456
A9: =Январь!$A$9 -> Новикова Мария Олеговна | B9: =Январь!$B$9 -> Управляющий | C9: =Январь!$C$9+RANDBETWEEN(-5000,5000) -> 54022 | D9: =RANDBETWEEN(1000,10000) -> 4871 | E9: =C9+D9 -> 58893
A10: =Январь!$A$10 -> Морозов Илья Денисович | B10: =Январь!$B$10 -> Кондитер | C10: =Январь!$C$10+RANDBETWEEN(-5000,5000) -> 38977 | D10: =RANDBETWEEN(1000,10000) -> 3762 | E10: =C10+D10 -> 42739
A11: =Январь!$A$11 -> Петрова Татьяна Юрьевна | B11: =Январь!$B$11 -> Кассир | C11: =Январь!$C$11+RANDBETWEEN(-5000,5000) -> 27412 | D11: =RANDBETWEEN(1000,10000) -> 3933 | E11: =C11+D11 -> 31345
A12: =Январь!$A$12 -> Волков Никита Александрович | B12: =Январь!$B$12 -> Управляющий | C12: =Январь!$C$12+RANDBETWEEN(-5000,5000) -> 59905 | D12: =RANDBETWEEN(1000,10000) -> 3567 | E12: =C12+D12 -> 63472
A13: =Январь!$A$13 -> Соловьёва Дарья Павловна | B13: =Январь!$B$13 -> Бариста | C13: =Январь!$C$13+RANDBETWEEN(-5000,5000) -> 34884 | D13: =RANDBETWEEN(1000,10000) -> 4904 | E13: =C13+D13 -> 39788
A14: =Январь!$A$14 -> Васильев Кирилл Евгеньевич | B14: =Январь!$B$14 -> Управляющий | C14: =Январь!$C$14+RANDBETWEEN(-5000,5000) -> 54945 | D14: =RANDBETWEEN(1000,10000) -> 1916 | E14: =C14+D14 -> 56861
A15: =Январь!$A$15 -> Зайцева Ирина Михайловна | B15: =Январь!$B$15 -> Кассир | C15: =Январь!$C$15+RANDBETWEEN(-5000,5000) -> 34906 | D15: =RANDBETWEEN(1000,10000) -> 5651 | E15: =C15+D15 -> 40557
A16: =Январь!$A$16 -> Павлов Егор Владимирович | B16: =Январь!$B$16 -> Уборщик | C16: =Январь!$C$16+RANDBETWEEN(-5000,5000) -> 23630 | D16: =RANDBETWEEN(1000,10000) -> 6656 | E16: =C16+D16 -> 30286
A17: =Январь!$A$17 -> Семёнова Алина Артёмовна | B17: =Январь!$B$17 -> Кассир | C17: =Январь!$C$17+RANDBETWEEN(-5000,5000) -> 30222 | D17: =RANDBETWEEN(1000,10000) -> 4538 | E17: =C17+D17 -> 34760
A18: =Январь!$A$18 -> Голубев Роман Игоревич | B18: =Январь!$B$18 -> Бариста | C18: =Январь!$C$18+RANDBETWEEN(-5000,5000) -> 32152 | D18: =RANDBETWEEN(1000,10000) -> 4451 | E18: =C18+D18 -> 36603
A19: =Январь!$A$19 -> Виноградова Юлия Сергеевна | B19: =Январь!$B$19 -> Управляющий | C19: =Январь!$C$19+RANDBETWEEN(-5000,5000) -> 59044 | D19: =RANDBETWEEN(1000,10000) -> 6847 | E19: =C19+D19 -> 65891
A20: =Январь!$A$20 -> Богданов Станислав Олегович | B20: =Январь!$B$20 -> Бариста | C20: =Январь!$C$20+RANDBETWEEN(-5000,5000) -> 31472 | D20: =RANDBETWEEN(1000,10000) -> 9211 | E20: =C20+D20 -> 40683
A21: =Январь!$A$21 -> Воробьёва Екатерина Андреевна | B21: =Январь!$B$21 -> Кондитер | C21: =Январь!$C$21+RANDBETWEEN(-5000,5000) -> 36667 | D21: =RANDBETWEEN(1000,10000) -> 3411 | E21: =C21+D21 -> 40078
A22: =Январь!$A$22 -> Фёдоров Павел Дмитриевич | B22: =Январь!$B$22 -> Кондитер | C22: =Январь!$C$22+RANDBETWEEN(-5000,5000) -> 40816 | D22: =RANDBETWEEN(1000,10000) -> 2839 | E22: =C22+D22 -> 43655
A23: =Январь!$A$23 -> Михайлова Светлана Ивановна | B23: =Январь!$B$23 -> Кассир | C23: =Январь!$C$23+RANDBETWEEN(-5000,5000) -> 33132 | D23: =RANDBETWEEN(1000,10000) -> 4266 | E23: =C23+D23 -> 37398
A24: =Январь!$A$24 -> Беляев Антон Николаевич | B24: =Январь!$B$24 -> Управляющий | C24: =Январь!$C$24+RANDBETWEEN(-5000,5000) -> 51389 | D24: =RANDBETWEEN(1000,10000) -> 1191 | E24: =C24+D24 -> 52580
A25: =Январь!$A$25 -> Тарасова Валерия Романовна | B25: =Январь!$B$25 -> Кондитер | C25: =Январь!$C$25+RANDBETWEEN(-5000,5000) -> 37138 | D25: =RANDBETWEEN(1000,10000) -> 8644 | E25: =C25+D25 -> 45782
A26: =Январь!$A$26 -> Белов Глеб Максимович | B26: =Январь!$B$26 -> Бариста | C26: =Январь!$C$26+RANDBETWEEN(-5000,5000) -> 34030 | D26: =RANDBETWEEN(1000,10000) -> 4357 | E26: =C26+D26 -> 38387
A27: =Январь!$A$27 -> Комарова Полина Алексеевна | B27: =Январь!$B$27 -> Кассир | C27: =Январь!$C$27+RANDBETWEEN(-5000,5000) -> 32564 | D27: =RANDBETWEEN(1000,10000) -> 3555 | E27: =C27+D27 -> 36119
A28: =Январь!$A$28 -> Орлов Владислав Станиславович | B28: =Январь!$B$28 -> Управляющий | C28: =Январь!$C$28+RANDBETWEEN(-5000,5000) -> 58231 | D28: =RANDBETWEEN(1000,10000) -> 4984 | E28: =C28+D28 -> 63215
A29: =Январь!$A$29 -> Киселёва Надежда Петровна | B29: =Январь!$B$29 -> Уборщик | C29: =Январь!$C$29+RANDBETWEEN(-5000,5000) -> 28812 | D29: =RANDBETWEEN(1000,10000) -> 4741 | E29: =C29+D29 -> 33553
A30: =Январь!$A$30 -> Макаров Тимур Русланович | B30: =Январь!$B$30 -> Кассир | C30: =Январь!$C$30+RANDBETWEEN(-5000,5000) -> 25150 | D30: =RANDBETWEEN(1000,10000) -> 2507 | E30: =C30+D30 -> 27657
A31: =Январь!$A$31 -> Андреева Вероника Дмитриевна | B31: =Январь!$B$31 -> Управляющий | C31: =Январь!$C$31+RANDBETWEEN(-5000,5000) -> 55195 | D31: =RANDBETWEEN(1000,10000) -> 4455 | E31: =C31+D31 -> 59650

Sheet Декабрь
A1: ФИО | B1: Должность | C1: Оклад | D1: Премия | E1: Итого
A2: =Январь!$A$2 -> Иванов Алексей Петрович | B2: =Январь!$B$2 -> Бариста | C2: =Январь!$C$2+RANDBETWEEN(-5000,5000) -> 32154 | D2: =RANDBETWEEN(1000,10000) -> 2943 | E2: =C2+D2 -> 35097
A3: =Январь!$A$3 -> Смирнова Елена Викторовна | B3: =Январь!$B$3 -> Уборщик | C3: =Январь!$C$3+RANDBETWEEN(-5000,5000) -> 29794 | D3: =RANDBETWEEN(1000,10000) -> 7060 | E3: =C3+D3 -> 36854
A4: =Январь!$A$4 -> Кузнецов Дмитрий Сергеевич | B4: =Январь!$B$4 -> Управляющий | C4: =Январь!$C$4+RANDBETWEEN(-5000,5000) -> 51756 | D4: =RANDBETWEEN(1000,10000) -> 7477 | E4: =C4+D4 -> 59233
A5: =Январь!$A$5 -> Попова Анна Игоревна | B5: =Январь!$B$5 -> Бариста | C5: =Январь!$C$5+RANDBETWEEN(-5000,5000) -> 30674 | D5: =RANDBETWEEN(1000,10000) -> 5755 | E5: =C5+D5 -> 36429
A6: =Январь!$A$6 -> Соколов Максим Андреевич | B6: =Январь!$B$6 -> Кондитер | C6: =Январь!$C$6+RANDBETWEEN(-5000,5000) -> 36097 | D6: =RANDBETWEEN(1000,10000) -> 9056 | E6: =C6+D6 -> 45153
A7: =Январь!$A$7 -> Лебедева Ольга Николаевна | B7: =Январь!$B$7 -> Управляющий | C7: =Январь!$C$7+RANDBETWEEN(-5000,5000) -> 55862 | D7: =RANDBETWEEN(1000,10000) -> 6631 | E7: =C7+D7 -> 62493
A8: =Январь!$A$8 -> Козлов Артём Романович | B8: =Январь!$B$8 -> Кондитер | C8: =Январь!$C$8+RANDBETWEEN(-5000,5000) -> 33773 | D8: =RANDBETWEEN(1000,10000) -> 5833 | E8: =C8+D8 -> 39606
A9: =Январь!$A$9 -> Новикова Мария Олеговна | B9: =Январь!$B$9 -> Управляющий | C9: =Январь!$C$9+RANDBETWEEN(-5000,5000) -> 55472 | D9: =RANDBETWEEN(1000,10000) -> 2381 | E9: =C9+D9 -> 57853
A10: =Январь!$A$10 -> Морозов Илья Денисович | B10: =Январь!$B$10 -> Кондитер | C10: =Январь!$C$10+RANDBETWEEN(-5000,5000) -> 39898 | D10: =RANDBETWEEN(1000,10000) -> 5062 | E10: =C10+D10 -> 44960
A11: =Январь!$A$11 -> Петрова Татьяна Юрьевна | B11: =Январь!$B$11 -> Кассир | C11: =Январь!$C$11+RANDBETWEEN(-5000,5000) -> 31064 | D11: =RANDBETWEEN(1000,10000) -> 5859 | E11: =C11+D11 -> 36923
A12: =Январь!$A$12 -> Волков Никита Александрович | B12: =Январь!$B$12 -> Управляющий | C12: =Январь!$C$12+RANDBETWEEN(-5000,5000) -> 53238 | D12: =RANDBETWEEN(1000,10000) -> 6378 | E12: =C12+D12 -> 59616
A13: =Январь!$A$13 -> Соловьёва Дарья Павловна | B13: =Январь!$B$13 -> Бариста | C13: =Январь!$C$13+RANDBETWEEN(-5000,5000) -> 30898 | D13: =RANDBETWEEN(1000,10000) -> 4636 | E13: =C13+D13 -> 35534
A14: =Январь!$A$14 -> Васильев Кирилл Евгеньевич | B14: =Январь!$B$14 -> Управляющий | C14: =Январь!$C$14+RANDBETWEEN(-5000,5000) -> 55827 | D14: =RANDBETWEEN(1000,10000) -> 6027 | E14: =C14+D14 -> 61854
A15: =Январь!$A$15 -> Зайцева Ирина Михайловна | B15: =Январь!$B$15 -> Кассир | C15: =Январь!$C$15+RANDBETWEEN(-5000,5000) -> 34478 | D15: =RANDBETWEEN(1000,10000) -> 3323 | E15: =C15+D15 -> 37801
A16: =Январь!$A$16 -> Павлов Егор Владимирович | B16: =Январь!$B$16 -> Уборщик | C16: =Январь!$C$16+RANDBETWEEN(-5000,5000) -> 28145 | D16: =RANDBETWEEN(1000,10000) -> 8596 | E16: =C16+D16 -> 36741
A17: =Январь!$A$17 -> Семёнова Алина Артёмовна | B17: =Январь!$B$17 -> Кассир | C17: =Январь!$C$17+RANDBETWEEN(-5000,5000) -> 26715 | D17: =RANDBETWEEN(1000,10000) -> 3203 | E17: =C17+D17 -> 29918
A18: =Январь!$A$18 -> Голубев Роман Игоревич | B18: =Январь!$B$18 -> Бариста | C18: =Январь!$C$18+RANDBETWEEN(-5000,5000) -> 30842 | D18: =RANDBETWEEN(1000,10000) -> 4424 | E18: =C18+D18 -> 35266
A19: =Январь!$A$19 -> Виноградова Юлия Сергеевна | B19: =Январь!$B$19 -> Управляющий | C19: =Январь!$C$19+RANDBETWEEN(-5000,5000) -> 54666 | D19: =RANDBETWEEN(1000,10000) -> 2806 | E19: =C19+D19 -> 57472
A20: =Январь!$A$20 -> Богданов Станислав Олегович | B20: =Январь!$B$20 -> Бариста | C20: =Январь!$C$20+RANDBETWEEN(-5000,5000) -> 38633 | D20: =RANDBETWEEN(1000,10000) -> 5421 | E20: =C20+D20 -> 44054
A21: =Январь!$A$21 -> Воробьёва Екатерина Андреевна | B21: =Январь!$B$21 -> Кондитер | C21: =Январь!$C$21+RANDBETWEEN(-5000,5000) -> 42471 | D21: =RANDBETWEEN(1000,10000) -> 8553 | E21: =C21+D21 -> 51024
A22: =Январь!$A$22 -> Фёдоров Павел Дмитриевич | B22: =Январь!$B$22 -> Кондитер | C22: =Январь!$C$22+RANDBETWEEN(-5000,5000) -> 33834 | D22: =RANDBETWEEN(1000,10000) -> 5927 | E22: =C22+D22 -> 39761
A23: =Январь!$A$23 -> Михайлова Светлана Ивановна | B23: =Январь!$B$23 -> Кассир | C23: =Январь!$C$23+RANDBETWEEN(-5000,5000) -> 30336 | D23: =RANDBETWEEN(1000,10000) -> 4054 | E23: =C23+D23 -> 34390
A24: =Январь!$A$24 -> Беляев Антон Николаевич | B24: =Январь!$B$24 -> Управляющий | C24: =Январь!$C$24+RANDBETWEEN(-5000,5000) -> 54771 | D24: =RANDBETWEEN(1000,10000) -> 3137 | E24: =C24+D24 -> 57908
A25: =Январь!$A$25 -> Тарасова Валерия Романовна | B25: =Январь!$B$25 -> Кондитер | C25: =Январь!$C$25+RANDBETWEEN(-5000,5000) -> 33645 | D25: =RANDBETWEEN(1000,10000) -> 4821 | E25: =C25+D25 -> 38466
A26: =Январь!$A$26 -> Белов Глеб Максимович | B26: =Январь!$B$26 -> Бариста | C26: =Январь!$C$26+RANDBETWEEN(-5000,5000) -> 36135 | D26: =RANDBETWEEN(1000,10000) -> 9499 | E26: =C26+D26 -> 45634
A27: =Январь!$A$27 -> Комарова Полина Алексеевна | B27: =Январь!$B$27 -> Кассир | C27: =Январь!$C$27+RANDBETWEEN(-5000,5000) -> 25466 | D27: =RANDBETWEEN(1000,10000) -> 1797 | E27: =C27+D27 -> 27263
A28: =Январь!$A$28 -> Орлов Владислав Станиславович | B28: =Январь!$B$28 -> Управляющий | C28: =Январь!$C$28+RANDBETWEEN(-5000,5000) -> 56417 | D28: =RANDBETWEEN(1000,10000) -> 1066 | E28: =C28+D28 -> 57483
A29: =Январь!$A$29 -> Киселёва Надежда Петровна | B29: =Январь!$B$29 -> Уборщик | C29: =Январь!$C$29+RANDBETWEEN(-5000,5000) -> 21082 | D29: =RANDBETWEEN(1000,10000) -> 8793 | E29: =C29+D29 -> 29875
A30: =Январь!$A$30 -> Макаров Тимур Русланович | B30: =Январь!$B$30 -> Кассир | C30: =Январь!$C$30+RANDBETWEEN(-5000,5000) -> 25093 | D30: =RANDBETWEEN(1000,10000) -> 7619 | E30: =C30+D30 -> 32712
A31: =Январь!$A$31 -> Андреева Вероника Дмитриевна | B31: =Январь!$B$31 -> Управляющий | C31: =Январь!$C$31+RANDBETWEEN(-5000,5000) -> 54512 | D31: =RANDBETWEEN(1000,10000) -> 1201 | E31: =C31+D31 -> 55713

Sheet Год
A1: ФИО | B1: Январь | C1: Февраль | D1: Март | E1: Апрель | F1: Май | G1: Июнь | H1: Июль | I1: Август | J1: Сентябрь | K1: Октябрь | L1: Ноябрь | M1: Декабрь | N1: Итого за год | P1: ФИО | Q1: Итого за год
A2: =Январь!$A$2 -> Иванов Алексей Петрович | B2: =Январь!$E$2 -> 37146 | C2: =Февраль!$E$2 -> 37137 | D2: =Март!$E$2 -> 38355 | E2: =Апрель!$E$2 -> 41127 | F2: =Май!$E$2 -> 43614 | G2: =Июнь!$E$2 -> 34326 | H2: =Июль!$E$2 -> 39414 | I2: =Август!$E$2 -> 43531 | J2: =Сентябрь!$E$2 -> 43243 | K2: =Октябрь!$E$2 -> 39993 | L2: =Ноябрь!$E$2 -> 36220 | M2: =Декабрь!$E$2 -> 35097 | N2: =SUM(B2:M2) -> 469203 | P2: =$A$6 -> Соколов Максим Андреевич | Q2: =$N$6 -> 485518
A3: =Январь!$A$3 -> Смирнова Елена Викторовна | B3: =Январь!$E$3 -> 34966 | C3: =Февраль!$E$3 -> 31027 | D3: =Март!$E$3 -> 31090 | E3: =Апрель!$E$3 -> 23897 | F3: =Май!$E$3 -> 30281 | G3: =Июнь!$E$3 -> 28506 | H3: =Июль!$E$3 -> 27742 | I3: =Август!$E$3 -> 29752 | J3: =Сентябрь!$E$3 -> 31456 | K3: =Октябрь!$E$3 -> 30224 | L3: =Ноябрь!$E$3 -> 32783 | M3: =Декабрь!$E$3 -> 36854 | N3: =SUM(B3:M3) -> 368578 | P3: =$A$11 -> Петрова Татьяна Юрьевна | Q3: =$N$11 -> 411226
A4: =Январь!$A$4 -> Кузнецов Дмитрий Сергеевич | B4: =Январь!$E$4 -> 56486 | C4: =Февраль!$E$4 -> 60537 | D4: =Март!$E$4 -> 67989 | E4: =Апрель!$E$4 -> 55593 | F4: =Май!$E$4 -> 57965 | G4: =Июнь!$E$4 -> 59923 | H4: =Июль!$E$4 -> 54772 | I4: =Август!$E$4 -> 68428 | J4: =Сентябрь!$E$4 -> 62245 | K4: =Октябрь!$E$4 -> 62649 | L4: =Ноябрь!$E$4 -> 60710 | M4: =Декабрь!$E$4 -> 59233 | N4: =SUM(B4:M4) -> 726530 | P4: =$A$16 -> Павлов Егор Владимирович | Q4: =$N$16 -> 367415
A5: =Январь!$A$5 -> Попова Анна Игоревна | B5: =Январь!$E$5 -> 44501 | C5: =Февраль!$E$5 -> 41028 | D5: =Март!$E$5 -> 45974 | E5: =Апрель!$E$5 -> 39081 | F5: =Май!$E$5 -> 44655 | G5: =Июнь!$E$5 -> 42162 | H5: =Июль!$E$5 -> 37044 | I5: =Август!$E$5 -> 38290 | J5: =Сентябрь!$E$5 -> 38835 | K5: =Октябрь!$E$5 -> 43042 | L5: =Ноябрь!$E$5 -> 44310 | M5: =Декабрь!$E$5 -> 36429 | N5: =SUM(B5:M5) -> 495351 | P5: =$A$21 -> Воробьёва Екатерина Андреевна | Q5: =$N$21 -> 515052
A6: =Январь!$A$6 -> Соколов Максим Андреевич | B6: =Январь!$E$6 -> 40375 | C6: =Февраль!$E$6 -> 36274 | D6: =Март!$E$6 -> 39790 | E6: =Апрель!$E$6 -> 41433 | F6: =Май!$E$6 -> 41867 | G6: =Июнь!$E$6 -> 36212 | H6: =Июль!$E$6 -> 45283 | I6: =Август!$E$6 -> 36685 | J6: =Сентябрь!$E$6 -> 42681 | K6: =Октябрь!$E$6 -> 40043 | L6: =Ноябрь!$E$6 -> 39722 | M6: =Декабрь!$E$6 -> 45153 | N6: =SUM(B6:M6) -> 485518 | P6: =$A$26 -> Белов Глеб Максимович | Q6: =$N$26 -> 471476
A7: =Январь!$A$7 -> Лебедева Ольга Николаевна | B7: =Январь!$E$7 -> 62154 | C7: =Февраль!$E$7 -> 67709 | D7: =Март!$E$7 -> 64093 | E7: =Апрель!$E$7 -> 67428 | F7: =Май!$E$7 -> 63786 | G7: =Июнь!$E$7 -> 59108 | H7: =Июль!$E$7 -> 61453 | I7: =Август!$E$7 -> 57411 | J7: =Сентябрь!$E$7 -> 59506 | K7: =Октябрь!$E$7 -> 54524 | L7: =Ноябрь!$E$7 -> 67963 | M7: =Декабрь!$E$7 -> 62493 | N7: =SUM(B7:M7) -> 747628 | P7: =$A$31 -> Андреева Вероника Дмитриевна | Q7: =$N$31 -> 705458
A8: =Январь!$A$8 -> Козлов Артём Романович | B8: =Январь!$E$8 -> 47969 | C8: =Февраль!$E$8 -> 45755 | D8: =Март!$E$8 -> 45222 | E8: =Апрель!$E$8 -> 44828 | F8: =Май!$E$8 -> 43354 | G8: =Июнь!$E$8 -> 50363 | H8: =Июль!$E$8 -> 42002 | I8: =Август!$E$8 -> 39866 | J8: =Сентябрь!$E$8 -> 46065 | K8: =Октябрь!$E$8 -> 43412 | L8: =Ноябрь!$E$8 -> 43456 | M8: =Декабрь!$E$8 -> 39606 | N8: =SUM(B8:M8) -> 531898
A9: =Январь!$A$9 -> Новикова Мария Олеговна | B9: =Январь!$E$9 -> 59026 | C9: =Февраль!$E$9 -> 59651 | D9: =Март!$E$9 -> 54853 | E9: =Апрель!$E$9 -> 61107 | F9: =Май!$E$9 -> 60995 | G9: =Июнь!$E$9 -> 52891 | H9: =Июль!$E$9 -> 68613 | I9: =Август!$E$9 -> 55012 | J9: =Сентябрь!$E$9 -> 66375 | K9: =Октябрь!$E$9 -> 67327 | L9: =Ноябрь!$E$9 -> 58893 | M9: =Декабрь!$E$9 -> 57853 | N9: =SUM(B9:M9) -> 722596 | P9: Данные для гистограммы (сотрудники №5, 10, 15, 20, 25, 30)
A10: =Январь!$A$10 -> Морозов Илья Денисович | B10: =Январь!$E$10 -> 44527 | C10: =Февраль!$E$10 -> 38291 | D10: =Март!$E$10 -> 45403 | E10: =Апрель!$E$10 -> 38782 | F10: =Май!$E$10 -> 38575 | G10: =Июнь!$E$10 -> 41387 | H10: =Июль!$E$10 -> 40037 | I10: =Август!$E$10 -> 52006 | J10: =Сентябрь!$E$10 -> 47081 | K10: =Октябрь!$E$10 -> 44486 | L10: =Ноябрь!$E$10 -> 42739 | M10: =Декабрь!$E$10 -> 44960 | N10: =SUM(B10:M10) -> 518274
A11: =Январь!$A$11 -> Петрова Татьяна Юрьевна | B11: =Январь!$E$11 -> 38733 | C11: =Февраль!$E$11 -> 33561 | D11: =Март!$E$11 -> 27459 | E11: =Апрель!$E$11 -> 32811 | F11: =Май!$E$11 -> 31716 | G11: =Июнь!$E$11 -> 38910 | H11: =Июль!$E$11 -> 35501 | I11: =Август!$E$11 -> 31158 | J11: =Сентябрь!$E$11 -> 33232 | K11: =Октябрь!$E$11 -> 39877 | L11: =Ноябрь!$E$11 -> 31345 | M11: =Декабрь!$E$11 -> 36923 | N11: =SUM(B11:M11) -> 411226
A12: =Январь!$A$12 -> Волков Никита Александрович | B12: =Январь!$E$12 -> 60361 | C12: =Февраль!$E$12 -> 61765 | D12: =Март!$E$12 -> 62008 | E12: =Апрель!$E$12 -> 67988 | F12: =Май!$E$12 -> 58263 | G12: =Июнь!$E$12 -> 63995 | H12: =Июль!$E$12 -> 58332 | I12: =Август!$E$12 -> 56994 | J12: =Сентябрь!$E$12 -> 56140 | K12: =Октябрь!$E$12 -> 59467 | L12: =Ноябрь!$E$12 -> 63472 | M12: =Декабрь!$E$12 -> 59616 | N12: =SUM(B12:M12) -> 728401
A13: =Январь!$A$13 -> Соловьёва Дарья Павловна | B13: =Январь!$E$13 -> 43787 | C13: =Февраль!$E$13 -> 42682 | D13: =Март!$E$13 -> 45440 | E13: =Апрель!$E$13 -> 40886 | F13: =Май!$E$13 -> 37703 | G13: =Июнь!$E$13 -> 44793 | H13: =Июль!$E$13 -> 44774 | I13: =Август!$E$13 -> 34034 | J13: =Сентябрь!$E$13 -> 42061 | K13: =Октябрь!$E$13 -> 45669 | L13: =Ноябрь!$E$13 -> 39788 | M13: =Декабрь!$E$13 -> 35534 | N13: =SUM(B13:M13) -> 497151
A14: =Январь!$A$14 -> Васильев Кирилл Евгеньевич | B14: =Январь!$E$14 -> 59733 | C14: =Февраль!$E$14 -> 65037 | D14: =Март!$E$14 -> 55733 | E14: =Апрель!$E$14 -> 63388 | F14: =Май!$E$14 -> 60705 | G14: =Июнь!$E$14 -> 61522 | H14: =Июль!$E$14 -> 60203 | I14: =Август!$E$14 -> 56587 | J14: =Сентябрь!$E$14 -> 61716 | K14: =Октябрь!$E$14 -> 57611 | L14: =Ноябрь!$E$14 -> 56861 | M14: =Декабрь!$E$14 -> 61854 | N14: =SUM(B14:M14) -> 720950
A15: =Январь!$A$15 -> Зайцева Ирина Михайловна | B15: =Январь!$E$15 -> 35094 | C15: =Февраль!$E$15 -> 32333 | D15: =Март!$E$15 -> 34680 | E15: =Апрель!$E$15 -> 41085 | F15: =Май!$E$15 -> 33701 | G15: =Июнь!$E$15 -> 34489 | H15: =Июль!$E$15 -> 29116 | I15: =Август!$E$15 -> 31391 | J15: =Сентябрь!$E$15 -> 30811 | K15: =Октябрь!$E$15 -> 35452 | L15: =Ноябрь!$E$15 -> 40557 | M15: =Декабрь!$E$15 -> 37801 | N15: =SUM(B15:M15) -> 416510
A16: =Январь!$A$16 -> Павлов Егор Владимирович | B16: =Январь!$E$16 -> 29016 | C16: =Февраль!$E$16 -> 30125 | D16: =Март!$E$16 -> 28503 | E16: =Апрель!$E$16 -> 23853 | F16: =Май!$E$16 -> 30403 | G16: =Июнь!$E$16 -> 32191 | H16: =Июль!$E$16 -> 29071 | I16: =Август!$E$16 -> 35805 | J16: =Сентябрь!$E$16 -> 31317 | K16: =Октябрь!$E$16 -> 30104 | L16: =Ноябрь!$E$16 -> 30286 | M16: =Декабрь!$E$16 -> 36741 | N16: =SUM(B16:M16) -> 367415
A17: =Январь!$A$17 -> Семёнова Алина Артёмовна | B17: =Январь!$E$17 -> 32437 | C17: =Февраль!$E$17 -> 37370 | D17: =Март!$E$17 -> 34054 | E17: =Апрель!$E$17 -> 38647 | F17: =Май!$E$17 -> 37428 | G17: =Июнь!$E$17 -> 34808 | H17: =Июль!$E$17 -> 35883 | I17: =Август!$E$17 -> 37381 | J17: =Сентябрь!$E$17 -> 43341 | K17: =Октябрь!$E$17 -> 31744 | L17: =Ноябрь!$E$17 -> 34760 | M17: =Декабрь!$E$17 -> 29918 | N17: =SUM(B17:M17) -> 427771
A18: =Январь!$A$18 -> Голубев Роман Игоревич | B18: =Январь!$E$18 -> 40973 | C18: =Февраль!$E$18 -> 41480 | D18: =Март!$E$18 -> 34027 | E18: =Апрель!$E$18 -> 38433 | F18: =Май!$E$18 -> 38887 | G18: =Июнь!$E$18 -> 38333 | H18: =Июль!$E$18 -> 47612 | I18: =Август!$E$18 -> 40186 | J18: =Сентябрь!$E$18 -> 42605 | K18: =Октябрь!$E$18 -> 40650 | L18: =Ноябрь!$E$18 -> 36603 | M18: =Декабрь!$E$18 -> 35266 | N18: =SUM(B18:M18) -> 475055
A19: =Январь!$A$19 -> Виноградова Юлия Сергеевна | B19: =Январь!$E$19 -> 60883 | C19: =Февраль!$E$19 -> 59231 | D19: =Март!$E$19 -> 54517 | E19: =Апрель!$E$19 -> 64208 | F19: =Май!$E$19 -> 59887 | G19: =Июнь!$E$19 -> 61873 | H19: =Июль!$E$19 -> 61641 | I19: =Август!$E$19 -> 55666 | J19: =Сентябрь!$E$19 -> 60991 | K19: =Октябрь!$E$19 -> 55113 | L19: =Ноябрь!$E$19 -> 65891 | M19: =Декабрь!$E$19 -> 57472 | N19: =SUM(B19:M19) -> 717373
A20: =Январь!$A$20 -> Богданов Станислав Олегович | B20: =Январь!$E$20 -> 38255 | C20: =Февраль!$E$20 -> 42391 | D20: =Март!$E$20 -> 47516 | E20: =Апрель!$E$20 -> 45219 | F20: =Май!$E$20 -> 44137 | G20: =Июнь!$E$20 -> 38020 | H20: =Июль!$E$20 -> 40274 | I20: =Август!$E$20 -> 38525 | J20: =Сентябрь!$E$20 -> 42522 | K20: =Октябрь!$E$20 -> 40027 | L20: =Ноябрь!$E$20 -> 40683 | M20: =Декабрь!$E$20 -> 44054 | N20: =SUM(B20:M20) -> 501623
A21: =Январь!$A$21 -> Воробьёва Екатерина Андреевна | B21: =Январь!$E$21 -> 46858 | C21: =Февраль!$E$21 -> 39100 | D21: =Март!$E$21 -> 42921 | E21: =Апрель!$E$21 -> 42780 | F21: =Май!$E$21 -> 45269 | G21: =Июнь!$E$21 -> 40684 | H21: =Июль!$E$21 -> 40022 | I21: =Август!$E$21 -> 40792 | J21: =Сентябрь!$E$21 -> 39111 | K21: =Октябрь!$E$21 -> 46413 | L21: =Ноябрь!$E$21 -> 40078 | M21: =Декабрь!$E$21 -> 51024 | N21: =SUM(B21:M21) -> 515052
A22: =Январь!$A$22 -> Фёдоров Павел Дмитриевич | B22: =Январь!$E$22 -> 43946 | C22: =Февраль!$E$22 -> 45732 | D22: =Март!$E$22 -> 41976 | E22: =Апрель!$E$22 -> 35079 | F22: =Май!$E$22 -> 36418 | G22: =Июнь!$E$22 -> 49362 | H22: =Июль!$E$22 -> 43507 | I22: =Август!$E$22 -> 38671 | J22: =Сентябрь!$E$22 -> 45053 | K22: =Октябрь!$E$22 -> 45199 | L22: =Ноябрь!$E$22 -> 43655 | M22: =Декабрь!$E$22 -> 39761 | N22: =SUM(B22:M22) -> 508359
A23: =Январь!$A$23 -> Михайлова Светлана Ивановна | B23: =Январь!$E$23 -> 32077 | C23: =Февраль!$E$23 -> 36303 | D23: =Март!$E$23 -> 39906 | E23: =Апрель!$E$23 -> 28768 | F23: =Май!$E$23 -> 40631 | G23: =Июнь!$E$23 -> 33147 | H23: =Июль!$E$23 -> 38925 | I23: =Август!$E$23 -> 36351 | J23: =Сентябрь!$E$23 -> 27181 | K23: =Октябрь!$E$23 -> 42322 | L23: =Ноябрь!$E$23 -> 37398 | M23: =Декабрь!$E$23 -> 34390 | N23: =SUM(B23:M23) -> 427399
A24: =Январь!$A$24 -> Беляев Антон Николаевич | B24: =Январь!$E$24 -> 63483 | C24: =Февраль!$E$24 -> 64774 | D24: =Март!$E$24 -> 53767 | E24: =Апрель!$E$24 -> 67530 | F24: =Май!$E$24 -> 67145 | G24: =Июнь!$E$24 -> 59240 | H24: =Июль!$E$24 -> 60517 | I24: =Август!$E$24 -> 64862 | J24: =Сентябрь!$E$24 -> 65462 | K24: =Октябрь!$E$24 -> 59377 | L24: =Ноябрь!$E$24 -> 52580 | M24: =Декабрь!$E$24 -> 57908 | N24: =SUM(B24:M24) -> 736645
A25: =Январь!$A$25 -> Тарасова Валерия Романовна | B25: =Январь!$E$25 -> 47559 | C25: =Февраль!$E$25 -> 43288 | D25: =Март!$E$25 -> 44952 | E25: =Апрель!$E$25 -> 34678 | F25: =Май!$E$25 -> 50922 | G25: =Июнь!$E$25 -> 49760 | H25: =Июль!$E$25 -> 46354 | I25: =Август!$E$25 -> 46895 | J25: =Сентябрь!$E$25 -> 37787 | K25: =Октябрь!$E$25 -> 34983 | L25: =Ноябрь!$E$25 -> 45782 | M25: =Декабрь!$E$25 -> 38466 | N25: =SUM(B25:M25) -> 521426
A26: =Январь!$A$26 -> Белов Глеб Максимович | B26: =Январь!$E$26 -> 43896 | C26: =Февраль!$E$26 -> 38185 | D26: =Март!$E$26 -> 31606 | E26: =Апрель!$E$26 -> 33498 | F26: =Май!$E$26 -> 36538 | G26: =Июнь!$E$26 -> 42870 | H26: =Июль!$E$26 -> 47014 | I26: =Август!$E$26 -> 37755 | J26: =Сентябрь!$E$26 -> 41903 | K26: =Октябрь!$E$26 -> 34190 | L26: =Ноябрь!$E$26 -> 38387 | M26: =Декабрь!$E$26 -> 45634 | N26: =SUM(B26:M26) -> 471476
A27: =Январь!$A$27 -> Комарова Полина Алексеевна | B27: =Январь!$E$27 -> 32395 | C27: =Февраль!$E$27 -> 41284 | D27: =Март!$E$27 -> 35101 | E27: =Апрель!$E$27 -> 34306 | F27: =Май!$E$27 -> 37588 | G27: =Июнь!$E$27 -> 26956 | H27: =Июль!$E$27 -> 35712 | I27: =Август!$E$27 -> 33717 | J27: =Сентябрь!$E$27 -> 39647 | K27: =Октябрь!$E$27 -> 41120 | L27: =Ноябрь!$E$27 -> 36119 | M27: =Декабрь!$E$27 -> 27263 | N27: =SUM(B27:M27) -> 421208
A28: =Январь!$A$28 -> Орлов Владислав Станиславович | B28: =Январь!$E$28 -> 57609 | C28: =Февраль!$E$28 -> 59457 | D28: =Март!$E$28 -> 59657 | E28: =Апрель!$E$28 -> 62266 | F28: =Май!$E$28 -> 62128 | G28: =Июнь!$E$28 -> 57218 | H28: =Июль!$E$28 -> 61184 | I28: =Август!$E$28 -> 62648 | J28: =Сентябрь!$E$28 -> 58875 | K28: =Октябрь!$E$28 -> 55334 | L28: =Ноябрь!$E$28 -> 63215 | M28: =Декабрь!$E$28 -> 57483 | N28: =SUM(B28:M28) -> 717074
A29: =Январь!$A$29 -> Киселёва Надежда Петровна | B29: =Январь!$E$29 -> 32745 | C29: =Февраль!$E$29 -> 34437 | D29: =Март!$E$29 -> 30163 | E29: =Апрель!$E$29 -> 33175 | F29: =Май!$E$29 -> 35767 | G29: =Июнь!$E$29 -> 24997 | H29: =Июль!$E$29 -> 32062 | I29: =Август!$E$29 -> 29902 | J29: =Сентябрь!$E$29 -> 31374 | K29: =Октябрь!$E$29 -> 33427 | L29: =Ноябрь!$E$29 -> 33553 | M29: =Декабрь!$E$29 -> 29875 | N29: =SUM(B29:M29) -> 381477
A30: =Январь!$A$30 -> Макаров Тимур Русланович | B30: =Январь!$E$30 -> 33617 | C30: =Февраль!$E$30 -> 40333 | D30: =Март!$E$30 -> 40950 | E30: =Апрель!$E$30 -> 37694 | F30: =Май!$E$30 -> 32468 | G30: =Июнь!$E$30 -> 39387 | H30: =Июль!$E$30 -> 31518 | I30: =Август!$E$30 -> 35706 | J30: =Сентябрь!$E$30 -> 32842 | K30: =Октябрь!$E$30 -> 27677 | L30: =Ноябрь!$E$30 -> 27657 | M30: =Декабрь!$E$30 -> 32712 | N30: =SUM(B30:M30) -> 412561
A31: =Январь!$A$31 -> Андреева Вероника Дмитриевна | B31: =Январь!$E$31 -> 63969 | C31: =Февраль!$E$31 -> 55377 | D31: =Март!$E$31 -> 52667 | E31: =Апрель!$E$31 -> 59918 | F31: =Май!$E$31 -> 58055 | G31: =Июнь!$E$31 -> 55806 | H31: =Июль!$E$31 -> 53368 | I31: =Август!$E$31 -> 62652 | J31: =Сентябрь!$E$31 -> 69214 | K31: =Октябрь!$E$31 -> 59069 | L31: =Ноябрь!$E$31 -> 59650 | M31: =Декабрь!$E$31 -> 55713 | N31: =SUM(B31:M31) -> 705458

Sheet Налоги
A1: ФИО | B1: Итого за год | C1: Уплачено налогов (13%) | E1: Ставка налога | G1: Служебный ключ (для сортировки)
A2: =INDEX(Год!$A$2:$A$31,MATCH(LARGE($G$2:$G$31,ROW()-1),$G$2:$G$31,0)) -> Лебедева Ольга Николаевна | B2: =INT(LARGE($G$2:$G$31,ROW()-1)) -> 747628 | C2: =B2*$E$2 -> 97191.64 | E2: 0.13 | G2: =Год!$N$2+ROW()/1000000 -> 469203
A3: =INDEX(Год!$A$2:$A$31,MATCH(LARGE($G$2:$G$31,ROW()-1),$G$2:$G$31,0)) -> Беляев Антон Николаевич | B3: =INT(LARGE($G$2:$G$31,ROW()-1)) -> 736645 | C3: =B3*$E$2 -> 95763.85 | G3: =Год!$N$3+ROW()/1000000 -> 368578
A4: =INDEX(Год!$A$2:$A$31,MATCH(LARGE($G$2:$G$31,ROW()-1),$G$2:$G$31,0)) -> Волков Никита Александрович | B4: =INT(LARGE($G$2:$G$31,ROW()-1)) -> 728401 | C4: =B4*$E$2 -> 94692.13 | E4: Список всегда отсортирован от большей зарплаты к меньшей (формулы LARGE/INDEX/MATCH); фильтр включён в заголовках. | G4: =Год!$N$4+ROW()/1000000 -> 726530
A5: =INDEX(Год!$A$2:$A$31,MATCH(LARGE($G$2:$G$31,ROW()-1),$G$2:$G$31,0)) -> Кузнецов Дмитрий Сергеевич | B5: =INT(LARGE($G$2:$G$31,ROW()-1)) -> 726530 | C5: =B5*$E$2 -> 94448.9 | G5: =Год!$N$5+ROW()/1000000 -> 495351
A6: =INDEX(Год!$A$2:$A$31,MATCH(LARGE($G$2:$G$31,ROW()-1),$G$2:$G$31,0)) -> Новикова Мария Олеговна | B6: =INT(LARGE($G$2:$G$31,ROW()-1)) -> 722596 | C6: =B6*$E$2 -> 93937.48 | G6: =Год!$N$6+ROW()/1000000 -> 485518
A7: =INDEX(Год!$A$2:$A$31,MATCH(LARGE($G$2:$G$31,ROW()-1),$G$2:$G$31,0)) -> Васильев Кирилл Евгеньевич | B7: =INT(LARGE($G$2:$G$31,ROW()-1)) -> 720950 | C7: =B7*$E$2 -> 93723.5 | G7: =Год!$N$7+ROW()/1000000 -> 747628
A8: =INDEX(Год!$A$2:$A$31,MATCH(LARGE($G$2:$G$31,ROW()-1),$G$2:$G$31,0)) -> Виноградова Юлия Сергеевна | B8: =INT(LARGE($G$2:$G$31,ROW()-1)) -> 717373 | C8: =B8*$E$2 -> 93258.49 | G8: =Год!$N$8+ROW()/1000000 -> 531898
A9: =INDEX(Год!$A$2:$A$31,MATCH(LARGE($G$2:$G$31,ROW()-1),$G$2:$G$31,0)) -> Орлов Владислав Станиславович | B9: =INT(LARGE($G$2:$G$31,ROW()-1)) -> 717074 | C9: =B9*$E$2 -> 93219.62 | G9: =Год!$N$9+ROW()/1000000 -> 722596
A10: =INDEX(Год!$A$2:$A$31,MATCH(LARGE($G$2:$G$31,ROW()-1),$G$2:$G$31,0)) -> Андреева Вероника Дмитриевна | B10: =INT(LARGE($G$2:$G$31,ROW()-1)) -> 705458 | C10: =B10*$E$2 -> 91709.54 | G10: =Год!$N$10+ROW()/1000000 -> 518274
A11: =INDEX(Год!$A$2:$A$31,MATCH(LARGE($G$2:$G$31,ROW()-1),$G$2:$G$31,0)) -> Козлов Артём Романович | B11: =INT(LARGE($G$2:$G$31,ROW()-1)) -> 531898 | C11: =B11*$E$2 -> 69146.74 | G11: =Год!$N$11+ROW()/1000000 -> 411226
A12: =INDEX(Год!$A$2:$A$31,MATCH(LARGE($G$2:$G$31,ROW()-1),$G$2:$G$31,0)) -> Тарасова Валерия Романовна | B12: =INT(LARGE($G$2:$G$31,ROW()-1)) -> 521426 | C12: =B12*$E$2 -> 67785.38 | G12: =Год!$N$12+ROW()/1000000 -> 728401
A13: =INDEX(Год!$A$2:$A$31,MATCH(LARGE($G$2:$G$31,ROW()-1),$G$2:$G$31,0)) -> Морозов Илья Денисович | B13: =INT(LARGE($G$2:$G$31,ROW()-1)) -> 518274 | C13: =B13*$E$2 -> 67375.62 | G13: =Год!$N$13+ROW()/1000000 -> 497151
A14: =INDEX(Год!$A$2:$A$31,MATCH(LARGE($G$2:$G$31,ROW()-1),$G$2:$G$31,0)) -> Воробьёва Екатерина Андреевна | B14: =INT(LARGE($G$2:$G$31,ROW()-1)) -> 515052 | C14: =B14*$E$2 -> 66956.76 | G14: =Год!$N$14+ROW()/1000000 -> 720950
A15: =INDEX(Год!$A$2:$A$31,MATCH(LARGE($G$2:$G$31,ROW()-1),$G$2:$G$31,0)) -> Фёдоров Павел Дмитриевич | B15: =INT(LARGE($G$2:$G$31,ROW()-1)) -> 508359 | C15: =B15*$E$2 -> 66086.67 | G15: =Год!$N$15+ROW()/1000000 -> 416510
A16: =INDEX(Год!$A$2:$A$31,MATCH(LARGE($G$2:$G$31,ROW()-1),$G$2:$G$31,0)) -> Богданов Станислав Олегович | B16: =INT(LARGE($G$2:$G$31,ROW()-1)) -> 501623 | C16: =B16*$E$2 -> 65210.99 | G16: =Год!$N$16+ROW()/1000000 -> 367415
A17: =INDEX(Год!$A$2:$A$31,MATCH(LARGE($G$2:$G$31,ROW()-1),$G$2:$G$31,0)) -> Соловьёва Дарья Павловна | B17: =INT(LARGE($G$2:$G$31,ROW()-1)) -> 497151 | C17: =B17*$E$2 -> 64629.63 | G17: =Год!$N$17+ROW()/1000000 -> 427771
A18: =INDEX(Год!$A$2:$A$31,MATCH(LARGE($G$2:$G$31,ROW()-1),$G$2:$G$31,0)) -> Попова Анна Игоревна | B18: =INT(LARGE($G$2:$G$31,ROW()-1)) -> 495351 | C18: =B18*$E$2 -> 64395.63 | G18: =Год!$N$18+ROW()/1000000 -> 475055
A19: =INDEX(Год!$A$2:$A$31,MATCH(LARGE($G$2:$G$31,ROW()-1),$G$2:$G$31,0)) -> Соколов Максим Андреевич | B19: =INT(LARGE($G$2:$G$31,ROW()-1)) -> 485518 | C19: =B19*$E$2 -> 63117.34 | G19: =Год!$N$19+ROW()/1000000 -> 717373
A20: =INDEX(Год!$A$2:$A$31,MATCH(LARGE($G$2:$G$31,ROW()-1),$G$2:$G$31,0)) -> Голубев Роман Игоревич | B20: =INT(LARGE($G$2:$G$31,ROW()-1)) -> 475055 | C20: =B20*$E$2 -> 61757.15 | G20: =Год!$N$20+ROW()/1000000 -> 501623
A21: =INDEX(Год!$A$2:$A$31,MATCH(LARGE($G$2:$G$31,ROW()-1),$G$2:$G$31,0)) -> Белов Глеб Максимович | B21: =INT(LARGE($G$2:$G$31,ROW()-1)) -> 471476 | C21: =B21*$E$2 -> 61291.88 | G21: =Год!$N$21+ROW()/1000000 -> 515052
A22: =INDEX(Год!$A$2:$A$31,MATCH(LARGE($G$2:$G$31,ROW()-1),$G$2:$G$31,0)) -> Иванов Алексей Петрович | B22: =INT(LARGE($G$2:$G$31,ROW()-1)) -> 469203 | C22: =B22*$E$2 -> 60996.39 | G22: =Год!$N$22+ROW()/1000000 -> 508359
A23: =INDEX(Год!$A$2:$A$31,MATCH(LARGE($G$2:$G$31,ROW()-1),$G$2:$G$31,0)) -> Семёнова Алина Артёмовна | B23: =INT(LARGE($G$2:$G$31,ROW()-1)) -> 427771 | C23: =B23*$E$2 -> 55610.23 | G23: =Год!$N$23+ROW()/1000000 -> 427399
A24: =INDEX(Год!$A$2:$A$31,MATCH(LARGE($G$2:$G$31,ROW()-1),$G$2:$G$31,0)) -> Михайлова Светлана Ивановна | B24: =INT(LARGE($G$2:$G$31,ROW()-1)) -> 427399 | C24: =B24*$E$2 -> 55561.87 | G24: =Год!$N$24+ROW()/1000000 -> 736645
A25: =INDEX(Год!$A$2:$A$31,MATCH(LARGE($G$2:$G$31,ROW()-1),$G$2:$G$31,0)) -> Комарова Полина Алексеевна | B25: =INT(LARGE($G$2:$G$31,ROW()-1)) -> 421208 | C25: =B25*$E$2 -> 54757.04 | G25: =Год!$N$25+ROW()/1000000 -> 521426
A26: =INDEX(Год!$A$2:$A$31,MATCH(LARGE($G$2:$G$31,ROW()-1),$G$2:$G$31,0)) -> Зайцева Ирина Михайловна | B26: =INT(LARGE($G$2:$G$31,ROW()-1)) -> 416510 | C26: =B26*$E$2 -> 54146.3 | G26: =Год!$N$26+ROW()/1000000 -> 471476
A27: =INDEX(Год!$A$2:$A$31,MATCH(LARGE($G$2:$G$31,ROW()-1),$G$2:$G$31,0)) -> Макаров Тимур Русланович | B27: =INT(LARGE($G$2:$G$31,ROW()-1)) -> 412561 | C27: =B27*$E$2 -> 53632.93 | G27: =Год!$N$27+ROW()/1000000 -> 421208
A28: =INDEX(Год!$A$2:$A$31,MATCH(LARGE($G$2:$G$31,ROW()-1),$G$2:$G$31,0)) -> Петрова Татьяна Юрьевна | B28: =INT(LARGE($G$2:$G$31,ROW()-1)) -> 411226 | C28: =B28*$E$2 -> 53459.38 | G28: =Год!$N$28+ROW()/1000000 -> 717074
A29: =INDEX(Год!$A$2:$A$31,MATCH(LARGE($G$2:$G$31,ROW()-1),$G$2:$G$31,0)) -> Киселёва Надежда Петровна | B29: =INT(LARGE($G$2:$G$31,ROW()-1)) -> 381477 | C29: =B29*$E$2 -> 49592.01 | G29: =Год!$N$29+ROW()/1000000 -> 381477
A30: =INDEX(Год!$A$2:$A$31,MATCH(LARGE($G$2:$G$31,ROW()-1),$G$2:$G$31,0)) -> Смирнова Елена Викторовна | B30: =INT(LARGE($G$2:$G$31,ROW()-1)) -> 368578 | C30: =B30*$E$2 -> 47915.14 | G30: =Год!$N$30+ROW()/1000000 -> 412561
A31: =INDEX(Год!$A$2:$A$31,MATCH(LARGE($G$2:$G$31,ROW()-1),$G$2:$G$31,0)) -> Павлов Егор Владимирович | B31: =INT(LARGE($G$2:$G$31,ROW()-1)) -> 367415 | C31: =B31*$E$2 -> 47763.95 | G31: =Год!$N$31+ROW()/1000000 -> 705458
A32: ИТОГО по всем кофейням | B32: =SUM(B2:B31) -> 16147186 | C32: =SUM(C2:C31) -> 2099134.2
